-- MySQL dump 10.13  Distrib 8.0.41, for Linux (x86_64)
--
-- Host: localhost    Database: cpe_database
-- ------------------------------------------------------
-- Server version	8.0.41-0ubuntu0.22.04.1

/*!40101 SET @OLD_CHARACTER_SET_CLIENT=@@CHARACTER_SET_CLIENT */;
/*!40101 SET @OLD_CHARACTER_SET_RESULTS=@@CHARACTER_SET_RESULTS */;
/*!40101 SET @OLD_COLLATION_CONNECTION=@@COLLATION_CONNECTION */;
/*!50503 SET NAMES utf8mb4 */;
/*!40103 SET @OLD_TIME_ZONE=@@TIME_ZONE */;
/*!40103 SET TIME_ZONE='+00:00' */;
/*!40014 SET @OLD_UNIQUE_CHECKS=@@UNIQUE_CHECKS, UNIQUE_CHECKS=0 */;
/*!40014 SET @OLD_FOREIGN_KEY_CHECKS=@@FOREIGN_KEY_CHECKS, FOREIGN_KEY_CHECKS=0 */;
/*!40101 SET @OLD_SQL_MODE=@@SQL_MODE, SQL_MODE='NO_AUTO_VALUE_ON_ZERO' */;
/*!40111 SET @OLD_SQL_NOTES=@@SQL_NOTES, SQL_NOTES=0 */;

--
-- Table structure for table `EnrollmentStatus`
--

DROP TABLE IF EXISTS `EnrollmentStatus`;
/*!40101 SET @saved_cs_client     = @@character_set_client */;
/*!50503 SET character_set_client = utf8mb4 */;
CREATE TABLE `EnrollmentStatus` (
  `SN` int NOT NULL AUTO_INCREMENT,
  `Status` varchar(30) NOT NULL,
  `Notes` varchar(255) DEFAULT NULL,
  PRIMARY KEY (`SN`)
) ENGINE=InnoDB AUTO_INCREMENT=4 DEFAULT CHARSET=utf8mb4 COLLATE=utf8mb4_0900_ai_ci;
/*!40101 SET character_set_client = @saved_cs_client */;

--
-- Dumping data for table `EnrollmentStatus`
--

LOCK TABLES `EnrollmentStatus` WRITE;
/*!40000 ALTER TABLE `EnrollmentStatus` DISABLE KEYS */;
INSERT INTO `EnrollmentStatus` VALUES (1,'在學',NULL),(2,'休學',NULL),(3,'退學',NULL);
/*!40000 ALTER TABLE `EnrollmentStatus` ENABLE KEYS */;
UNLOCK TABLES;

--
-- Table structure for table `ExamAttendance`
--

DROP TABLE IF EXISTS `ExamAttendance`;
/*!40101 SET @saved_cs_client     = @@character_set_client */;
/*!50503 SET character_set_client = utf8mb4 */;
CREATE TABLE `ExamAttendance` (
  `SN` int NOT NULL AUTO_INCREMENT,
  `ExamSession_SN` int NOT NULL,
  `StudentID` varchar(20) NOT NULL,
  `IsAbsent` tinyint(1) DEFAULT '0',
  `IsExcused` tinyint(1) DEFAULT '0',
  `CorrectAnswersCount` int DEFAULT '0',
  `Notes` varchar(255) DEFAULT NULL,
  PRIMARY KEY (`SN`),
  UNIQUE KEY `ExamSession_SN` (`ExamSession_SN`,`StudentID`),
  KEY `ExamAttendance_ibfk_2` (`StudentID`),
  CONSTRAINT `ExamAttendance_ibfk_1` FOREIGN KEY (`ExamSession_SN`) REFERENCES `ExamSessions` (`SN`),
  CONSTRAINT `ExamAttendance_ibfk_2` FOREIGN KEY (`StudentID`) REFERENCES `StudentInfo` (`StudentID`)
) ENGINE=InnoDB AUTO_INCREMENT=3513 DEFAULT CHARSET=utf8mb4 COLLATE=utf8mb4_0900_ai_ci;
/*!40101 SET character_set_client = @saved_cs_client */;

--
-- Dumping data for table `ExamAttendance`
--

LOCK TABLES `ExamAttendance` WRITE;
/*!40000 ALTER TABLE `ExamAttendance` DISABLE KEYS */;
INSERT INTO `ExamAttendance` VALUES (1,1,'S05351006',0,0,0,''),(2,1,'S05351013',0,0,1,''),(3,1,'S05351014',0,0,1,''),(4,1,'S05351015',0,0,0,''),(5,1,'S05351017',0,0,1,''),(6,1,'S05351020',0,0,2,''),(7,1,'S05351022',0,0,0,''),(8,1,'S05351024',0,0,0,''),(9,1,'S05351025',0,0,1,''),(10,1,'S05351026',0,0,0,''),(11,1,'S05351027',0,0,0,''),(12,1,'S05351032',0,0,1,''),(13,1,'S05351033',0,0,1,''),(14,1,'S05351035',0,0,1,''),(15,1,'S05351036',0,0,1,''),(16,1,'S05351037',0,0,0,''),(17,1,'S05351038',0,0,0,''),(18,1,'S05351040',0,0,1,''),(19,1,'S05351041',0,0,0,''),(20,1,'S05351042',0,0,0,''),(21,1,'S05351044',0,0,1,''),(22,1,'S05351049',0,0,1,''),(23,1,'S05351050',0,0,0,''),(24,1,'S05351053',0,0,0,''),(25,1,'S05352003',0,0,0,''),(26,1,'S05352005',0,0,0,''),(27,1,'S05352007',0,0,0,''),(28,1,'S05352012',0,0,0,''),(29,1,'S05352016',0,0,0,''),(30,1,'S05352017',0,0,0,''),(31,1,'S05352019',0,0,1,''),(32,1,'S05352020',0,0,1,''),(33,1,'S05352023',0,0,0,''),(34,1,'S05352025',0,0,1,''),(35,1,'S05352026',0,0,1,''),(36,1,'S05352031',0,0,0,''),(37,1,'S05352036',0,0,0,''),(38,1,'S05352037',0,0,1,''),(39,1,'S05352038',0,0,0,''),(40,1,'S05352040',0,0,0,''),(41,1,'S05920027',0,0,0,''),(42,1,'S05353004',0,0,0,''),(43,1,'S05353005',0,0,0,''),(44,1,'S05353006',0,0,1,''),(45,1,'S05353007',0,0,0,''),(46,1,'S05353009',0,0,1,''),(47,1,'S05353017',0,0,0,''),(48,1,'S05353018',0,0,0,''),(49,1,'S05353019',0,0,1,''),(50,1,'S05353021',0,0,0,''),(51,1,'S05353022',0,0,1,''),(52,1,'S05353025',0,0,1,''),(53,1,'S05353027',0,0,1,''),(54,1,'S05353029',0,0,0,''),(55,1,'S05353033',0,0,0,''),(56,1,'S05353035',0,0,1,''),(57,1,'S05353037',0,0,0,''),(58,1,'S05353038',0,0,1,''),(59,1,'S05353039',0,0,0,''),(60,1,'S05353045',0,0,0,''),(61,1,'S05353048',0,0,0,''),(62,1,'S05353051',0,0,0,''),(63,1,'S05353055',0,0,1,''),(64,1,'S05353058',0,0,1,''),(65,1,'S05353060',0,0,1,''),(66,1,'S05353061',0,0,0,''),(67,1,'S05353063',0,0,0,''),(68,2,'S05351006',0,0,0,''),(69,2,'S05351014',0,0,1,''),(70,2,'S05351015',0,0,0,''),(71,2,'S05351017',0,0,0,''),(72,2,'S05351018',0,0,1,''),(73,2,'S05351020',0,0,3,''),(74,2,'S05351022',0,0,0,''),(75,2,'S05351024',0,0,0,''),(76,2,'S05351026',0,0,0,''),(77,2,'S05351027',0,0,0,''),(78,2,'S05351029',0,0,2,''),(79,2,'S05351032',0,0,0,''),(80,2,'S05351034',0,0,3,''),(81,2,'S05351035',0,0,1,''),(82,2,'S05351036',0,0,0,''),(83,2,'S05351039',0,0,0,''),(84,2,'S05351040',0,0,0,''),(85,2,'S05351041',0,0,0,''),(86,2,'S05351042',0,0,0,''),(87,2,'S05351044',0,0,1,''),(88,2,'S05351045',0,0,0,''),(89,2,'S05351049',0,0,1,''),(90,2,'S05352003',0,0,0,''),(91,2,'S05352005',0,0,1,''),(92,2,'S05352007',0,0,0,''),(93,2,'S05352012',0,0,1,''),(94,2,'S05352016',0,0,0,''),(95,2,'S05352017',0,0,0,''),(96,2,'S05352020',0,0,0,''),(97,2,'S05352023',0,0,0,''),(98,2,'S05352025',0,0,0,''),(99,2,'S05352036',0,0,1,''),(100,2,'S05352037',0,0,0,''),(101,2,'S05352038',0,0,0,''),(102,2,'S05352040',0,0,0,''),(103,2,'S05352041',0,0,0,''),(104,2,'S05353001',0,0,0,''),(105,2,'S05353006',0,0,1,''),(106,2,'S05353009',0,0,0,''),(107,2,'S05353014',0,0,0,''),(108,2,'S05353017',0,0,0,''),(109,2,'S05353018',0,0,2,''),(110,2,'S05353021',0,0,0,''),(111,2,'S05353022',0,0,2,''),(112,2,'S05353029',0,0,0,''),(113,2,'S05353033',0,0,0,''),(114,2,'S05353035',0,0,0,''),(115,2,'S05353037',0,0,0,''),(116,2,'S05353038',0,0,2,''),(117,2,'S05353041',0,0,0,''),(118,2,'S05353045',0,0,0,''),(119,2,'S05353046',0,0,0,''),(120,2,'S05353048',0,0,0,''),(121,2,'S05353051',0,0,0,''),(122,2,'S05353055',0,0,0,''),(123,2,'S05353058',0,0,2,''),(124,2,'S05353060',0,0,1,''),(125,2,'S05353061',0,0,0,''),(126,2,'S05353063',0,0,0,''),(127,3,'S05351014',0,0,0,''),(128,3,'S05351017',0,0,0,''),(129,3,'S05351021',0,0,0,''),(130,3,'S05351022',0,0,0,''),(131,3,'S05351024',0,0,0,''),(132,3,'S05351027',0,0,0,''),(133,3,'S05351038',0,0,0,''),(134,3,'S05351040',0,0,0,''),(135,3,'S05351042',0,0,0,''),(136,3,'S05351050',0,0,0,''),(137,3,'S05352016',0,0,0,''),(138,3,'S05352017',0,0,0,''),(139,3,'S05352026',0,0,0,''),(140,3,'S05352028',0,0,0,''),(141,3,'S05352030',0,0,1,''),(142,3,'S05352031',0,0,0,''),(143,3,'S05352036',0,0,0,''),(144,3,'S05352037',0,0,0,''),(145,3,'S05352038',0,0,0,''),(146,3,'S05352040',0,0,0,''),(147,3,'S05353001',0,0,0,''),(148,3,'S05353004',0,0,0,''),(149,3,'S05353007',0,0,0,''),(150,3,'S05353008',0,0,0,''),(151,3,'S05353014',0,0,0,''),(152,3,'S05353017',0,0,0,''),(153,3,'S05353029',0,0,0,''),(154,3,'S05353035',0,0,0,''),(155,3,'S05353045',0,0,0,''),(156,3,'S05353046',0,0,0,''),(157,3,'S05353048',0,0,0,''),(158,3,'S05353051',0,0,0,''),(159,3,'S05353055',0,0,1,''),(160,3,'S05353061',0,0,1,''),(161,3,'S05353063',0,0,0,''),(162,4,'S05351006',0,0,0,''),(163,4,'S05351014',0,0,1,''),(164,4,'S05351015',0,0,0,''),(165,4,'S05351017',0,0,2,''),(166,4,'S05351022',0,0,1,''),(167,4,'S05351024',0,0,1,''),(168,4,'S05351032',0,0,1,''),(169,4,'S05351038',0,0,0,''),(170,4,'S05351040',0,0,1,''),(171,4,'S05351041',0,0,0,''),(172,4,'S05351042',0,0,1,''),(173,4,'S05351044',0,0,1,''),(174,4,'S05351045',0,0,0,''),(175,4,'S05351053',0,0,1,''),(176,4,'S05352004',0,0,0,''),(177,4,'S05352007',0,0,2,''),(178,4,'S05352016',0,0,1,''),(179,4,'S05352017',0,0,2,''),(180,4,'S05352020',0,0,1,''),(181,4,'S05352025',0,0,1,''),(182,4,'S05352026',0,0,1,''),(183,4,'S05352028',0,0,2,''),(184,4,'S05352031',0,0,1,''),(185,4,'S05352036',0,0,1,''),(186,4,'S05353001',0,0,2,''),(187,4,'S05353009',0,0,1,''),(188,4,'S05353019',0,0,1,''),(189,4,'S05353028',0,0,1,''),(190,4,'S05353029',0,0,1,''),(191,4,'S05353035',0,0,1,''),(192,4,'S05353041',0,0,1,''),(193,4,'S05353048',0,0,1,''),(194,4,'S05353051',0,0,1,''),(195,4,'S05353055',0,0,1,''),(196,5,'S05351006',0,0,1,''),(197,5,'S05351007',0,0,0,''),(198,5,'S05351021',0,0,0,''),(199,5,'S05351024',0,0,1,''),(200,5,'S05351026',0,0,0,''),(201,5,'S05351027',0,0,1,''),(202,5,'S05351036',0,0,2,''),(203,5,'S05351042',0,0,0,''),(204,5,'S05351044',0,0,2,''),(205,5,'S05351049',0,0,1,''),(206,5,'S05351050',0,0,2,''),(207,5,'S05351052',0,0,0,''),(208,5,'S05351058',0,0,0,''),(209,5,'S05352008',0,0,2,''),(210,5,'S05352016',0,0,2,''),(211,5,'S05352018',0,0,0,''),(212,5,'S05352023',0,0,0,''),(213,5,'S05352031',0,0,1,''),(214,5,'S05352036',0,0,4,''),(215,5,'S05352037',0,0,2,''),(216,5,'S05352038',0,0,0,''),(217,5,'S05353004',0,0,0,''),(218,5,'S05353005',0,0,0,''),(219,5,'S05353007',0,0,1,''),(220,5,'S05353014',0,0,1,''),(221,5,'S05353017',0,0,2,''),(222,5,'S05353029',0,0,0,''),(223,5,'S05353033',0,0,0,''),(224,5,'S05353037',0,0,0,''),(225,5,'S05353041',0,0,1,''),(226,5,'S05353046',0,0,2,''),(227,5,'S05353048',0,0,1,''),(228,5,'S05353051',0,0,1,''),(229,5,'S05353061',0,0,2,''),(230,5,'S04410377',0,0,1,''),(231,6,'S05351006',0,0,1,''),(232,6,'S05351015',0,0,0,''),(233,6,'S05351022',0,0,2,''),(234,6,'S05351024',0,0,0,''),(235,6,'S05351027',0,0,0,''),(236,6,'S05351038',0,0,0,''),(237,6,'S05351041',0,0,0,''),(238,6,'S05351042',0,0,2,''),(239,6,'S05351045',0,0,0,''),(240,6,'S05351052',0,0,0,''),(241,6,'S05352003',0,0,0,''),(242,6,'S05352038',0,0,0,''),(243,6,'S05353004',0,0,0,''),(244,6,'S05353007',0,0,0,''),(245,6,'S05353008',0,0,0,''),(246,6,'S05353014',0,0,0,''),(247,6,'S05353019',0,0,0,''),(248,6,'S05353021',0,0,2,''),(249,6,'S05353029',0,0,0,''),(250,6,'S05353035',0,0,0,''),(251,6,'S05353037',0,0,0,''),(252,6,'S05353041',0,0,1,''),(253,6,'S04410377',0,0,2,''),(254,7,'S05351006',0,0,1,''),(255,7,'S05351007',0,0,0,''),(256,7,'S05351021',0,0,0,''),(257,7,'S05351022',0,0,1,''),(258,7,'S05351024',0,0,1,''),(259,7,'S05351027',0,0,0,''),(260,7,'S05351042',0,0,0,''),(261,7,'S05352003',0,0,0,''),(262,7,'S05352004',0,0,0,''),(263,7,'S05352023',0,0,0,''),(264,7,'S05352030',0,0,0,''),(265,7,'S05352031',0,0,1,''),(266,7,'S05353004',0,0,0,''),(267,7,'S05353005',0,0,0,''),(268,7,'S05353014',0,0,1,''),(269,7,'S05353019',0,0,0,''),(270,7,'S05353029',0,0,1,''),(271,7,'S05353035',0,0,1,''),(272,7,'S05353037',0,0,0,''),(273,7,'S05353041',0,0,1,''),(274,7,'S05353045',0,0,0,''),(275,7,'S05353063',0,0,0,''),(276,8,'S05351006',0,0,0,''),(277,8,'S05351027',0,0,1,''),(278,8,'S05351038',0,0,1,''),(279,8,'S05351042',0,0,1,''),(280,8,'S05352003',0,0,0,''),(281,8,'S05352004',0,0,0,''),(282,8,'S05352023',0,0,0,''),(283,8,'S05352030',0,0,0,''),(284,8,'S05353004',0,0,2,''),(285,8,'S05353005',0,0,1,''),(286,8,'S05353007',0,0,1,''),(287,8,'S05353014',0,0,1,''),(288,8,'S05353019',0,0,2,''),(289,8,'S05353029',0,0,1,''),(290,8,'S05353033',0,0,0,''),(291,8,'S05353037',0,0,0,''),(292,8,'S05353045',0,0,0,''),(293,8,'S05353063',0,0,0,''),(294,9,'S05351027',0,0,0,''),(295,9,'S05351037',0,0,0,''),(296,9,'S05351038',0,0,1,''),(297,9,'S05351041',0,0,0,''),(298,9,'S05351045',0,0,0,''),(299,9,'S05352001',0,0,2,''),(300,9,'S05352003',0,0,0,''),(301,9,'S05352004',0,0,0,''),(302,9,'S05352030',0,0,1,''),(303,9,'S05353004',0,0,2,''),(304,9,'S05353005',0,0,2,''),(305,9,'S05353007',0,0,0,''),(306,9,'S05353029',0,0,0,''),(307,9,'S05353033',0,0,0,''),(308,9,'S05353037',0,0,1,''),(309,9,'S05353045',0,0,0,''),(310,9,'S05353063',0,0,0,''),(311,10,'S05351007',0,0,3,''),(312,10,'S05351015',0,0,2,''),(313,10,'S05351021',0,0,3,''),(314,10,'S05351026',0,0,3,''),(315,10,'S05351027',0,0,2,''),(316,10,'S05351038',0,0,0,''),(317,10,'S05351041',0,0,2,''),(318,10,'S05351045',0,0,0,''),(319,10,'S05351052',0,0,3,''),(320,10,'S05352003',0,0,3,''),(321,10,'S05352004',0,0,1,''),(322,10,'S05352018',0,0,3,''),(323,10,'S05352023',0,0,3,''),(324,10,'S05352032',0,0,3,''),(325,10,'S05352036',0,0,0,''),(326,10,'S05352038',0,0,3,''),(327,10,'S05352040',0,0,3,''),(328,10,'S05353004',0,0,0,''),(329,10,'S05353007',0,0,1,''),(330,10,'S05353008',0,0,0,''),(331,10,'S05353019',0,0,0,''),(332,10,'S05353037',0,0,2,''),(333,10,'S05353045',0,0,1,''),(334,10,'S05353063',0,0,3,''),(335,11,'S05351037',0,0,2,''),(336,11,'S05352004',0,0,2,''),(337,11,'S05352039',0,0,2,''),(338,11,'S05353008',0,0,4,''),(339,12,'S05352043',0,0,0,''),(340,14,'S05351055',0,0,0,''),(341,14,'S05352043',0,0,3,''),(342,15,'S05353045',0,0,0,''),(343,16,'S05351055',0,0,1,''),(344,16,'S05352041',0,0,1,''),(345,16,'S05353045',0,0,0,''),(346,17,'S05351055',0,0,1,''),(347,18,'S05351039',0,0,0,''),(348,18,'S05351055',0,0,0,''),(349,18,'S05351058',0,0,2,''),(350,18,'S05352041',0,0,0,''),(351,18,'S05352042',0,0,0,''),(352,18,'S05353033',0,0,1,''),(353,19,'S05351039',0,0,1,''),(354,19,'S05351055',0,0,0,''),(355,19,'S05352041',0,0,3,''),(356,19,'S05352042',0,0,0,''),(357,19,'S05353033',0,0,0,''),(358,20,'S05351039',0,0,2,''),(359,20,'S05352042',0,0,2,''),(360,20,'S05353033',0,0,2,''),(361,21,'S05351045',0,0,1,''),(362,22,'S05351045',0,0,1,''),(363,23,'S05351045',0,0,1,''),(364,23,'S05353045',0,0,0,''),(365,24,'S05351055',0,0,0,''),(366,24,'S05353045',0,0,0,''),(367,25,'S05351055',0,0,0,''),(368,25,'S05353045',0,0,0,''),(369,26,'S05351055',0,0,1,''),(370,26,'S05353045',0,0,2,''),(371,27,'S05353057',0,0,0,''),(372,29,'S05353057',0,0,1,''),(373,3,'S06351008',0,0,0,''),(374,5,'S05310233',0,0,0,''),(375,5,'S06351003',0,0,0,''),(376,5,'S06351005',0,0,2,''),(377,5,'S06351007',0,0,0,''),(378,5,'S06351008',0,0,0,''),(379,5,'S06351015',0,0,0,''),(380,5,'S06351021',0,0,0,''),(381,5,'S06351022',0,0,1,''),(382,5,'S06351032',0,0,1,''),(383,5,'S06351041',0,0,2,''),(384,5,'S06351048',0,0,2,''),(385,5,'S06352002',0,0,1,''),(386,5,'S06352009',0,0,1,''),(387,5,'S06352011',0,0,0,''),(388,5,'S06352017',0,0,0,''),(389,5,'S06352019',0,0,0,''),(390,5,'S06352026',0,0,1,''),(391,5,'S06352031',0,0,0,''),(392,5,'S06352032',0,0,2,''),(393,5,'S06352038',0,0,3,''),(394,5,'S06353014',0,0,0,''),(395,5,'S06353020',0,0,1,''),(396,5,'S06353029',0,0,0,''),(397,5,'S06353031',0,0,0,''),(398,5,'S06353036',0,0,1,''),(399,5,'S06353039',0,0,0,''),(400,5,'S06353043',0,0,0,''),(401,5,'S06353050',0,0,2,''),(402,5,'S06353055',0,0,1,''),(403,9,'S05240040',0,0,0,''),(404,9,'S05310233',0,0,0,''),(405,6,'S06210045',0,0,0,''),(406,9,'S06210045',0,0,1,''),(407,7,'S06232014',0,0,1,''),(408,7,'S06351003',0,0,0,''),(409,9,'S06351003',0,0,0,''),(410,7,'S06351005',0,0,0,''),(411,6,'S06351006',0,0,0,''),(412,7,'S06351006',0,0,0,''),(413,8,'S06351006',0,0,1,''),(414,9,'S06351006',0,0,3,''),(415,6,'S06351007',0,0,0,''),(416,7,'S06351007',0,0,0,''),(417,8,'S06351007',0,0,0,''),(418,9,'S06351007',0,0,0,''),(419,7,'S06351008',0,0,0,''),(420,9,'S06351008',0,0,1,''),(421,6,'S06351009',0,0,0,''),(422,9,'S06351009',0,0,0,''),(423,7,'S06351010',0,0,2,''),(424,8,'S06351010',0,0,3,''),(425,7,'S06351011',0,0,0,''),(426,8,'S06351011',0,0,1,''),(427,7,'S06351014',0,0,0,''),(428,8,'S06351014',0,0,2,''),(429,6,'S06351015',0,0,0,''),(430,7,'S06351015',0,0,0,''),(431,9,'S06351015',0,0,0,''),(432,7,'S06351016',0,0,1,''),(433,8,'S06351016',0,0,1,''),(434,9,'S06351016',0,0,3,''),(435,8,'S06351018',0,0,0,''),(436,8,'S06351021',0,0,0,''),(437,9,'S06351021',0,0,1,''),(438,6,'S06351022',0,0,0,''),(439,7,'S06351022',0,0,1,''),(440,8,'S06351022',0,0,1,''),(441,6,'S06351023',0,0,0,''),(442,7,'S06351023',0,0,0,''),(443,9,'S06351023',0,0,0,''),(444,7,'S06351024',0,0,1,''),(445,8,'S06351024',0,0,1,''),(446,7,'S06351025',0,0,0,''),(447,8,'S06351025',0,0,3,''),(448,9,'S06351026',0,0,0,''),(449,9,'S06351027',0,0,2,''),(450,7,'S06351030',0,0,2,''),(451,8,'S06351030',0,0,4,''),(452,9,'S06351030',0,0,4,''),(453,6,'S06351032',0,0,0,''),(454,7,'S06351032',0,0,0,''),(455,8,'S06351032',0,0,1,''),(456,9,'S06351032',0,0,0,''),(457,7,'S06351034',0,0,3,''),(458,7,'S06351035',0,0,0,''),(459,8,'S06351035',0,0,0,''),(460,7,'S06351036',0,0,0,''),(461,8,'S06351036',0,0,1,''),(462,9,'S06351036',0,0,2,''),(463,8,'S06351039',0,0,0,''),(464,7,'S06351040',0,0,0,''),(465,8,'S06351040',0,0,1,''),(466,7,'S06351041',0,0,1,''),(467,8,'S06351041',0,0,1,''),(468,7,'S06351042',0,0,0,''),(469,8,'S06351042',0,0,0,''),(470,7,'S06351044',0,0,0,''),(471,8,'S06351044',0,0,1,''),(472,7,'S06351045',0,0,1,''),(473,8,'S06351045',0,0,1,''),(474,7,'S06351050',0,0,0,''),(475,8,'S06351050',0,0,1,''),(476,9,'S06351050',0,0,1,''),(477,7,'S06351051',0,0,0,''),(478,8,'S06352001',0,0,0,''),(479,9,'S06352001',0,0,0,''),(480,8,'S06352002',0,0,1,''),(481,7,'S06352004',0,0,0,''),(482,8,'S06352004',0,0,0,''),(483,7,'S06352006',0,0,0,''),(484,9,'S06352006',0,0,1,''),(485,9,'S06352007',0,0,0,''),(486,7,'S06352008',0,0,0,''),(487,9,'S06352008',0,0,0,''),(488,6,'S06352010',0,0,0,''),(489,9,'S06352010',0,0,1,''),(490,6,'S06352011',0,0,0,''),(491,7,'S06352011',0,0,0,''),(492,9,'S06352011',0,0,0,''),(493,9,'S06352012',0,0,0,''),(494,6,'S06352013',0,0,0,''),(495,8,'S06352013',0,0,0,''),(496,9,'S06352013',0,0,0,''),(497,6,'S06352015',0,0,0,''),(498,7,'S06352015',0,0,0,''),(499,8,'S06352015',0,0,1,''),(500,9,'S06352015',0,0,1,''),(501,8,'S06352017',0,0,1,''),(502,9,'S06352017',0,0,0,''),(503,8,'S06352018',0,0,0,''),(504,6,'S06352019',0,0,0,''),(505,7,'S06352019',0,0,0,''),(506,8,'S06352019',0,0,1,''),(507,9,'S06352019',0,0,0,''),(508,9,'S06352021',0,0,0,''),(509,6,'S06352025',0,0,0,''),(510,6,'S06352026',0,0,0,''),(511,7,'S06352026',0,0,2,''),(512,6,'S06352031',0,0,0,''),(513,7,'S06352031',0,0,1,''),(514,8,'S06352031',0,0,0,''),(515,9,'S06352031',0,0,0,''),(516,7,'S06352034',0,0,0,''),(517,6,'S06352040',0,0,0,''),(518,9,'S06352040',0,0,0,''),(519,6,'S06352042',0,0,1,''),(520,7,'S06352042',0,0,0,''),(521,8,'S06352042',0,0,2,''),(522,7,'S06353001',0,0,0,''),(523,8,'S06353001',0,0,1,''),(524,9,'S06353001',0,0,3,''),(525,7,'S06353007',0,0,0,''),(526,8,'S06353007',0,0,2,''),(527,8,'S06353011',0,0,3,''),(528,7,'S06353014',0,0,0,''),(529,9,'S06353014',0,0,0,''),(530,7,'S06353015',0,0,0,''),(531,8,'S06353015',0,0,1,''),(532,9,'S06353016',0,0,0,''),(533,7,'S06353019',0,0,0,''),(534,8,'S06353020',0,0,1,''),(535,9,'S06353020',0,0,1,''),(536,9,'S06353025',0,0,0,''),(537,7,'S06353029',0,0,0,''),(538,8,'S06353029',0,0,1,''),(539,8,'S06353031',0,0,0,''),(540,9,'S06353032',0,0,0,''),(541,6,'S06353033',0,0,0,''),(542,9,'S06353033',0,0,0,''),(543,6,'S06353035',0,0,0,''),(544,7,'S06353035',0,0,0,''),(545,8,'S06353035',0,0,1,''),(546,9,'S06353035',0,0,1,''),(547,7,'S06353036',0,0,0,''),(548,9,'S06353036',0,0,0,''),(549,8,'S06353038',0,0,1,''),(550,9,'S06353039',0,0,0,''),(551,7,'S06353040',0,0,0,''),(552,8,'S06353040',0,0,1,''),(553,9,'S06353040',0,0,2,''),(554,7,'S06353041',0,0,0,''),(555,8,'S06353041',0,0,2,''),(556,6,'S06353043',0,0,0,''),(557,7,'S06353043',0,0,0,''),(558,9,'S06353043',0,0,0,''),(559,6,'S06353044',0,0,0,''),(560,9,'S06353052',0,0,0,''),(561,7,'S06353055',0,0,0,''),(562,8,'S06353055',0,0,1,''),(563,9,'S06353055',0,0,1,''),(564,6,'S06920021',0,0,0,''),(565,9,'S06920021',0,0,0,''),(566,16,'S05190025',0,0,1,''),(567,18,'S05190025',0,0,0,''),(568,19,'S05190025',0,0,2,''),(569,18,'S06610227',0,0,0,''),(570,19,'S06610227',0,0,1,''),(571,15,'S05240040',0,0,0,''),(572,17,'S05240040',0,0,0,''),(573,18,'S05240040',0,0,1,''),(574,19,'S05240040',0,0,2,''),(575,13,'S06210037',0,0,0,''),(576,14,'S06210037',0,0,2,''),(577,12,'S06210045',0,0,3,''),(578,12,'S06351003',0,0,0,''),(579,13,'S06351003',0,0,0,''),(580,14,'S06351003',0,0,2,''),(581,12,'S06351007',0,0,0,''),(582,13,'S06351007',0,0,0,''),(583,14,'S06351007',0,0,2,''),(584,12,'S06351008',0,0,4,''),(585,12,'S06351009',0,0,3,''),(586,12,'S06351015',0,0,2,''),(587,13,'S06351016',0,0,1,''),(588,15,'S06351016',0,0,1,''),(589,11,'S06351018',0,0,0,''),(590,14,'S06351018',0,0,0,''),(591,18,'S06351018',0,0,1,''),(592,19,'S06351018',0,0,2,''),(593,13,'S06351021',0,0,0,''),(594,14,'S06351021',0,0,0,''),(595,17,'S06351021',0,0,1,''),(596,18,'S06351021',0,0,1,''),(597,14,'S06351023',0,0,0,''),(598,16,'S06351023',0,0,2,''),(599,13,'S06351030',0,0,2,''),(600,15,'S06351030',0,0,2,''),(601,17,'S06351035',0,0,1,''),(602,18,'S06351035',0,0,0,''),(603,19,'S06351035',0,0,2,''),(604,12,'S06351039',0,0,1,''),(605,14,'S06351039',0,0,0,''),(606,18,'S06351039',0,0,1,''),(607,19,'S06351039',0,0,3,''),(608,12,'S06351040',0,0,1,''),(609,14,'S06351040',0,0,1,''),(610,12,'S06351042',0,0,2,''),(611,15,'S06351043',0,0,0,''),(612,17,'S06351043',0,0,0,''),(613,18,'S06351043',0,0,0,''),(614,19,'S06351043',0,0,3,''),(615,14,'S06351044',0,0,1,''),(616,17,'S06351045',0,0,0,''),(617,18,'S06351045',0,0,1,''),(618,12,'S06352001',0,0,0,''),(619,17,'S06352001',0,0,0,''),(620,18,'S06352001',0,0,0,''),(621,19,'S06352001',0,0,0,''),(622,17,'S06352002',0,0,0,''),(623,13,'S06352003',0,0,0,''),(624,15,'S06352003',0,0,0,''),(625,16,'S06352003',0,0,0,''),(626,18,'S06352003',0,0,0,''),(627,19,'S06352003',0,0,0,''),(628,20,'S06352003',0,0,0,''),(629,15,'S06352004',0,0,1,''),(630,17,'S06352004',0,0,2,''),(631,12,'S06352006',0,0,0,''),(632,14,'S06352006',0,0,0,''),(633,15,'S06352006',0,0,1,''),(634,16,'S06352006',0,0,0,''),(635,17,'S06352006',0,0,0,''),(636,18,'S06352006',0,0,1,''),(637,12,'S06352007',0,0,6,''),(638,12,'S06352008',0,0,0,''),(639,14,'S06352008',0,0,0,''),(640,17,'S06352008',0,0,0,''),(641,18,'S06352008',0,0,0,''),(642,19,'S06352008',0,0,0,''),(643,20,'S06352008',0,0,0,''),(644,17,'S06352010',0,0,0,''),(645,18,'S06352010',0,0,2,''),(646,16,'S06352011',0,0,0,''),(647,20,'S06352011',0,0,0,''),(648,13,'S06352012',0,0,0,''),(649,10,'S06352013',0,0,4,''),(650,16,'S06352014',0,0,0,''),(651,17,'S06352014',0,0,0,''),(652,20,'S06352014',0,0,0,''),(653,12,'S06352015',0,0,1,''),(654,16,'S06352017',0,0,0,''),(655,17,'S06352017',0,0,2,''),(656,17,'S06352018',0,0,0,''),(657,20,'S06352018',0,0,0,''),(658,13,'S06352019',0,0,0,''),(659,14,'S06352019',0,0,1,''),(660,15,'S06352019',0,0,1,''),(661,12,'S06352021',0,0,2,''),(662,13,'S06352023',0,0,0,''),(663,14,'S06352023',0,0,0,''),(664,16,'S06352023',0,0,1,''),(665,17,'S06352023',0,0,0,''),(666,18,'S06352023',0,0,0,''),(667,19,'S06352023',0,0,0,''),(668,20,'S06352023',0,0,0,''),(669,16,'S06352025',0,0,0,''),(670,17,'S06352025',0,0,0,''),(671,18,'S06352025',0,0,0,''),(672,19,'S06352025',0,0,0,''),(673,12,'S06352027',0,0,0,''),(674,14,'S06352027',0,0,1,''),(675,16,'S06352027',0,0,0,''),(676,17,'S06352027',0,0,0,''),(677,18,'S06352027',0,0,1,''),(678,19,'S06352027',0,0,3,''),(679,13,'S06352029',0,0,0,''),(680,16,'S06352029',0,0,1,''),(681,17,'S06352029',0,0,0,''),(682,18,'S06352029',0,0,0,''),(683,19,'S06352029',0,0,0,''),(684,20,'S06352029',0,0,2,''),(685,13,'S06352031',0,0,0,''),(686,14,'S06352031',0,0,2,''),(687,12,'S06352033',0,0,0,''),(688,13,'S06352033',0,0,0,''),(689,14,'S06352033',0,0,2,''),(690,13,'S06352034',0,0,1,''),(691,15,'S06352034',0,0,1,''),(692,17,'S06352039',0,0,0,''),(693,18,'S06352039',0,0,0,''),(694,19,'S06352039',0,0,2,''),(695,16,'S06352040',0,0,0,''),(696,17,'S06352040',0,0,1,''),(697,18,'S06352040',0,0,2,''),(698,12,'S06353003',0,0,0,''),(699,14,'S06353003',0,0,0,''),(700,17,'S06353003',0,0,0,''),(701,18,'S06353003',0,0,0,''),(702,19,'S06353003',0,0,1,''),(703,20,'S06353003',0,0,0,''),(704,14,'S06353010',0,0,1,''),(705,17,'S06353010',0,0,2,''),(706,15,'S06353011',0,0,2,''),(707,12,'S06353014',0,0,4,''),(708,13,'S06353015',0,0,0,''),(709,14,'S06353015',0,0,2,''),(710,13,'S06353016',0,0,0,''),(711,14,'S06353016',0,0,2,''),(712,12,'S06353019',0,0,3,''),(713,12,'S06353022',0,0,2,''),(714,14,'S06353023',0,0,2,''),(715,17,'S06353024',0,0,1,''),(716,15,'S06353029',0,0,1,''),(717,17,'S06353029',0,0,1,''),(718,12,'S06353031',0,0,3,''),(719,12,'S06353032',0,0,0,''),(720,13,'S06353032',0,0,0,''),(721,14,'S06353032',0,0,2,''),(722,12,'S06353033',0,0,3,''),(723,12,'S06353036',0,0,3,''),(724,12,'S06353039',0,0,2,''),(725,16,'S06353043',0,0,0,''),(726,17,'S06353043',0,0,1,''),(727,18,'S06353043',0,0,2,''),(728,12,'S06353044',0,0,2,''),(729,15,'S06353050',0,0,0,''),(730,18,'S06353051',0,0,0,''),(731,19,'S06353051',0,0,0,''),(732,17,'S06353052',0,0,0,''),(733,18,'S06353052',0,0,0,''),(734,19,'S06353052',0,0,0,''),(735,12,'S06920017',0,0,2,''),(736,12,'S06920021',0,0,0,''),(737,14,'S06920021',0,0,2,''),(738,30,'S06610227',0,0,2,''),(739,30,'S06352003',0,0,0,''),(740,30,'S06352008',0,0,0,''),(741,30,'S06352011',0,0,0,''),(742,30,'S06353003',0,0,0,''),(743,30,'S06353012',0,0,0,''),(744,30,'S06353024',0,0,0,''),(745,30,'S06353052',0,0,0,''),(746,31,'S06240037',0,0,0,''),(747,31,'S06351044',0,0,1,''),(748,31,'S06352002',0,0,0,''),(749,31,'S06352003',0,0,2,''),(750,31,'S06352008',0,0,2,''),(751,31,'S06352018',0,0,0,''),(752,31,'S06352023',0,0,0,''),(753,31,'S06353003',0,0,0,''),(754,31,'S06353012',0,0,0,''),(755,31,'S06353021',0,0,2,''),(756,31,'S06353024',0,0,0,''),(757,32,'S06240037',0,0,0,''),(758,32,'S06352003',0,0,0,''),(759,32,'S06352023',0,0,1,''),(760,32,'S06353003',0,0,1,''),(761,33,'S06240037',0,0,0,''),(762,33,'S06351015',0,0,0,''),(763,33,'S06351024',0,0,1,''),(764,33,'S06351025',0,0,0,''),(765,33,'S06351043',0,0,2,''),(766,33,'S06352031',0,0,2,''),(767,21,'S06351013',0,0,0,''),(768,21,'S06352014',0,0,0,''),(769,21,'S06352018',0,0,0,''),(770,21,'S06353006',0,0,2,''),(771,21,'S06353012',0,0,0,''),(772,21,'S06353024',0,0,0,''),(773,21,'S06353025',0,0,0,''),(774,21,'S06353052',0,0,0,''),(775,22,'S06240037',0,0,0,''),(776,22,'S06351013',0,0,1,''),(777,22,'S06352002',0,0,0,''),(778,22,'S06352014',0,0,0,''),(779,22,'S06352025',0,0,0,''),(780,22,'S06353012',0,0,0,''),(781,22,'S06353024',0,0,1,''),(782,23,'S06351013',0,0,1,''),(783,23,'S06352002',0,0,0,''),(784,23,'S06352014',0,0,0,''),(785,23,'S06352018',0,0,2,''),(786,23,'S06353012',0,0,0,''),(787,23,'S06353024',0,0,1,''),(788,23,'S06353025',0,0,0,''),(789,23,'S06353052',0,0,0,''),(790,34,'S06240037',0,0,0,''),(791,34,'S06351013',0,0,1,''),(792,34,'S06351031',0,0,2,''),(793,34,'S06352002',0,0,0,''),(794,34,'S06352012',0,0,0,''),(795,34,'S06352025',0,0,0,''),(796,34,'S06353012',0,0,1,''),(797,34,'S06353025',0,0,0,''),(798,24,'S06210005',0,0,2,''),(799,24,'S06352014',0,0,0,''),(800,24,'S06353052',0,0,0,''),(801,25,'S06240037',0,0,1,''),(802,25,'S06351011',0,0,0,''),(803,25,'S06352002',0,0,1,''),(804,25,'S06352012',0,0,0,''),(805,25,'S06352025',0,0,0,''),(806,25,'S06353012',0,0,0,''),(807,25,'S06353025',0,0,2,''),(808,25,'S06353052',0,0,0,''),(809,26,'S06240037',0,0,1,''),(810,26,'S06351011',0,0,1,''),(811,26,'S06352001',0,0,0,''),(812,26,'S06353012',0,0,1,''),(813,26,'S06353052',0,0,0,''),(814,27,'S06240037',0,0,1,''),(815,27,'S06352001',0,0,0,''),(816,27,'S06352025',0,0,0,''),(817,27,'S06353012',0,0,0,''),(818,27,'S06353052',0,0,0,''),(819,28,'S06352001',0,0,3,''),(820,28,'S06352012',0,0,0,''),(821,28,'S06352025',0,0,0,''),(822,28,'S06353012',0,0,0,''),(823,28,'S06353052',0,0,0,''),(824,29,'S06352012',0,0,0,''),(825,29,'S06352025',0,0,0,''),(826,29,'S06353012',0,0,2,''),(827,29,'S06353052',0,0,1,''),(828,35,'S06352014',0,0,0,''),(829,35,'S06353052',0,0,1,''),(830,36,'S06352012',0,0,0,''),(831,36,'S06352025',0,0,0,''),(832,36,'S06353051',0,0,1,''),(833,36,'S06353052',0,0,1,''),(834,37,'S06353051',0,0,2,''),(835,38,'S06352014',0,0,0,''),(836,38,'S06352025',0,0,0,''),(837,39,'S06352014',0,0,0,''),(838,39,'S06352025',0,0,1,''),(839,40,'S06351026',0,0,0,''),(840,40,'S06352025',0,0,0,''),(841,41,'S06351026',0,0,2,''),(842,41,'S06352014',0,0,0,''),(843,41,'S06352025',0,0,2,''),(844,42,'S06352014',0,0,0,''),(845,43,'S06352014',0,0,1,''),(846,44,'S06352014',0,0,0,''),(847,45,'S06352014',0,0,0,''),(848,46,'S06352014',0,0,0,''),(849,47,'S06352014',0,0,0,''),(850,48,'S06352014',0,0,1,''),(851,49,'S06352014',0,0,0,''),(852,50,'S06352014',0,0,1,''),(853,51,'S06352012',0,0,0,''),(854,52,'S05310162',0,0,3,''),(855,18,'S07330109',0,0,0,''),(856,18,'S07351006',0,0,0,''),(857,18,'S07351007',0,0,0,''),(858,18,'S07351014',0,0,0,''),(859,18,'S07351021',0,0,2,''),(860,18,'S07351028',0,0,0,''),(861,18,'S07351035',0,0,1,''),(862,18,'S07351040',0,0,0,''),(863,18,'S07351041',0,0,0,''),(864,18,'S07351042',0,0,0,''),(865,18,'S07351044',0,0,0,''),(866,18,'S07351045',0,0,0,''),(867,18,'S07351047',0,0,2,''),(868,18,'S07351048',0,0,0,''),(869,18,'S07351049',0,0,0,''),(870,18,'S07351057',0,0,1,''),(871,18,'S07351061',0,0,1,''),(872,18,'S07352006',0,0,0,''),(873,18,'S07352009',0,0,1,''),(874,18,'S07352013',0,0,0,''),(875,18,'S07352015',0,0,1,''),(876,18,'S07352023',0,0,0,''),(877,18,'S07352032',0,0,2,''),(878,18,'S07352034',0,0,1,''),(879,18,'S07352037',0,0,1,''),(880,18,'S07352041',0,0,0,''),(881,18,'S07353022',0,0,0,''),(882,18,'S07353025',0,0,2,''),(883,18,'S07353030',0,0,2,''),(884,18,'S07353035',0,0,0,''),(885,18,'S07353043',0,0,3,''),(886,18,'S07353044',0,0,0,''),(887,18,'S07353050',0,0,0,''),(888,18,'S07353058',0,0,0,''),(889,18,'S07353064',0,0,0,''),(890,19,'S07330109',0,0,0,''),(891,19,'S07351006',0,0,0,''),(892,19,'S07351007',0,0,0,''),(893,19,'S07351011',0,0,2,''),(894,19,'S07351014',0,0,0,''),(895,19,'S07351017',0,0,2,''),(896,19,'S07351021',0,0,0,''),(897,19,'S07351022',0,0,2,''),(898,19,'S07351028',0,0,0,''),(899,19,'S07351030',0,0,2,''),(900,19,'S07351033',0,0,2,''),(901,19,'S07351035',0,0,0,''),(902,19,'S07351036',0,0,2,''),(903,19,'S07351037',0,0,2,''),(904,19,'S07351040',0,0,0,''),(905,19,'S07351041',0,0,1,''),(906,19,'S07351042',0,0,0,''),(907,19,'S07351044',0,0,0,''),(908,19,'S07351045',0,0,0,''),(909,19,'S07351047',0,0,1,''),(910,19,'S07351048',0,0,0,''),(911,19,'S07351049',0,0,0,''),(912,19,'S07351057',0,0,1,''),(913,19,'S07351059',0,0,4,''),(914,19,'S07351061',0,0,0,''),(915,19,'S07352002',0,0,2,''),(916,19,'S07352006',0,0,0,''),(917,19,'S07352009',0,0,1,''),(918,19,'S07352013',0,0,0,''),(919,19,'S07352015',0,0,1,''),(920,19,'S07352023',0,0,0,''),(921,19,'S07352032',0,0,0,''),(922,19,'S07352034',0,0,1,''),(923,19,'S07352035',0,0,2,''),(924,19,'S07352037',0,0,1,''),(925,19,'S07352041',0,0,0,''),(926,19,'S07353017',0,0,2,''),(927,19,'S07353022',0,0,0,''),(928,19,'S07353025',0,0,0,''),(929,19,'S07353030',0,0,0,''),(930,19,'S07353035',0,0,0,''),(931,19,'S07353043',0,0,0,''),(932,19,'S07353044',0,0,0,''),(933,19,'S07353050',0,0,0,''),(934,19,'S07353058',0,0,0,''),(935,19,'S07353064',0,0,0,''),(936,17,'S07221043',0,0,1,''),(937,17,'S07351002',0,0,1,''),(938,17,'S07351025',0,0,2,''),(939,17,'S07351026',0,0,0,''),(940,17,'S07351029',0,0,1,''),(941,17,'S07351030',0,0,1,''),(942,17,'S07351036',0,0,1,''),(943,17,'S07351037',0,0,0,''),(944,17,'S07351040',0,0,1,''),(945,17,'S07351042',0,0,1,''),(946,17,'S07351043',0,0,1,''),(947,17,'S07351045',0,0,1,''),(948,17,'S07351057',0,0,1,''),(949,17,'S07352001',0,0,2,''),(950,17,'S07352002',0,0,0,''),(951,17,'S07352005',0,0,1,''),(952,17,'S07352007',0,0,1,''),(953,17,'S07352009',0,0,1,''),(954,17,'S07352010',0,0,1,''),(955,17,'S07352011',0,0,2,''),(956,17,'S07352015',0,0,1,''),(957,17,'S07352017',0,0,1,''),(958,17,'S07352018',0,0,0,''),(959,17,'S07352023',0,0,0,''),(960,17,'S07352025',0,0,1,''),(961,17,'S07352032',0,0,0,''),(962,17,'S07352034',0,0,1,''),(963,17,'S07352035',0,0,0,''),(964,17,'S07352037',0,0,1,''),(965,17,'S07352041',0,0,0,''),(966,17,'S07353001',0,0,0,''),(967,17,'S07353014',0,0,1,''),(968,17,'S07353017',0,0,0,''),(969,17,'S07353019',0,0,0,''),(970,17,'S07353023',0,0,0,''),(971,17,'S07353029',0,0,0,''),(972,17,'S07353034',0,0,0,''),(973,17,'S07353037',0,0,0,''),(974,17,'S07353046',0,0,0,''),(975,17,'S07353059',0,0,2,''),(976,16,'S07351002',0,0,0,''),(977,16,'S07351014',0,0,1,''),(978,16,'S07351020',0,0,1,''),(979,16,'S07351025',0,0,0,''),(980,16,'S07351028',0,0,0,''),(981,16,'S07351029',0,0,1,''),(982,16,'S07351030',0,0,0,''),(983,16,'S07351034',0,0,1,''),(984,16,'S07351038',0,0,2,''),(985,16,'S07351039',0,0,2,''),(986,16,'S07351056',0,0,2,''),(987,16,'S07351059',0,0,0,''),(988,16,'S07352001',0,0,1,''),(989,16,'S07352005',0,0,0,''),(990,16,'S07352007',0,0,0,''),(991,16,'S07352008',0,0,2,''),(992,16,'S07352013',0,0,1,''),(993,16,'S07352017',0,0,1,''),(994,16,'S07352019',0,0,2,''),(995,16,'S07352025',0,0,0,''),(996,16,'S07352029',0,0,3,''),(997,16,'S07352030',0,0,1,''),(998,16,'S07352032',0,0,0,''),(999,16,'S07352041',0,0,0,''),(1000,16,'S07352043',0,0,0,''),(1001,16,'S07353007',0,0,2,''),(1002,16,'S07353013',0,0,1,''),(1003,16,'S07353022',0,0,1,''),(1004,16,'S07353023',0,0,0,''),(1005,16,'S07353024',0,0,2,''),(1006,16,'S07353026',0,0,2,''),(1007,16,'S07353029',0,0,0,''),(1008,16,'S07353033',0,0,0,''),(1009,16,'S07353044',0,0,0,''),(1010,16,'S07353046',0,0,0,''),(1011,16,'S07353058',0,0,0,''),(1012,20,'S07351043',0,0,2,''),(1013,20,'S07352005',0,0,2,''),(1014,20,'S07352017',0,0,1,''),(1015,20,'S07353014',0,0,2,''),(1016,32,'S07351027',0,0,0,''),(1017,32,'S07351035',0,0,1,''),(1018,32,'S07351044',0,0,1,''),(1019,32,'S07351048',0,0,0,''),(1020,32,'S07351049',0,0,0,''),(1021,32,'S07351061',0,0,1,''),(1022,32,'S07352007',0,0,0,''),(1023,32,'S07352025',0,0,0,''),(1024,32,'S07352030',0,0,0,''),(1025,32,'S07353009',0,0,2,''),(1026,32,'S07353013',0,0,1,''),(1027,32,'S07353023',0,0,0,''),(1028,32,'S07353029',0,0,1,''),(1029,32,'S07353046',0,0,0,''),(1030,32,'S07353058',0,0,1,''),(1031,32,'S07353064',0,0,0,''),(1032,31,'S07221043',0,0,1,''),(1033,31,'S07351002',0,0,0,''),(1034,31,'S07351014',0,0,1,''),(1035,31,'S07351027',0,0,0,''),(1036,31,'S07351028',0,0,0,''),(1037,31,'S07351040',0,0,1,''),(1038,31,'S07351041',0,0,2,''),(1039,31,'S07351042',0,0,0,''),(1040,31,'S07351045',0,0,0,''),(1041,31,'S07352007',0,0,0,''),(1042,31,'S07352013',0,0,1,''),(1043,31,'S07352018',0,0,1,''),(1044,31,'S07352025',0,0,1,''),(1045,31,'S07352041',0,0,2,''),(1046,31,'S07353001',0,0,1,''),(1047,31,'S07353013',0,0,0,''),(1048,31,'S07353019',0,0,0,''),(1049,31,'S07353029',0,0,0,''),(1050,31,'S07353033',0,0,1,''),(1051,31,'S07353035',0,0,1,''),(1052,31,'S07353044',0,0,1,''),(1053,31,'S07353064',0,0,0,''),(1054,30,'S07330109',0,0,0,''),(1055,30,'S07351014',0,0,0,''),(1056,30,'S07351026',0,0,0,''),(1057,30,'S07351027',0,0,1,''),(1058,30,'S07351028',0,0,0,''),(1059,30,'S07351040',0,0,0,''),(1060,30,'S07351042',0,0,0,''),(1061,30,'S07351045',0,0,0,''),(1062,30,'S07352006',0,0,2,''),(1063,30,'S07352007',0,0,0,''),(1064,30,'S07352023',0,0,0,''),(1065,30,'S07352027',0,0,0,''),(1066,30,'S07352030',0,0,0,''),(1067,30,'S07352041',0,0,0,''),(1068,30,'S07352042',0,0,0,''),(1069,30,'S07353001',0,0,1,''),(1070,30,'S07353019',0,0,1,''),(1071,30,'S07353058',0,0,0,''),(1072,53,'S07351002',0,0,0,''),(1073,53,'S07351027',0,0,0,''),(1074,53,'S07351028',0,0,0,''),(1075,53,'S07351034',0,0,1,''),(1076,53,'S07351040',0,0,1,''),(1077,53,'S07351061',0,0,0,''),(1078,53,'S07352013',0,0,0,''),(1079,53,'S07352023',0,0,1,''),(1080,53,'S07352029',0,0,2,''),(1081,53,'S07352030',0,0,0,''),(1082,53,'S07353031',0,0,0,''),(1083,53,'S07353035',0,0,1,''),(1084,53,'S07353039',0,0,1,''),(1085,53,'S07353040',0,0,0,''),(1086,53,'S07353041',0,0,1,''),(1087,53,'S07353046',0,0,0,''),(1088,53,'S07353058',0,0,0,''),(1089,25,'S07240049',0,0,1,''),(1090,25,'S07330109',0,0,3,''),(1091,25,'S07351006',0,0,0,''),(1092,25,'S07351028',0,0,0,''),(1093,25,'S07351044',0,0,0,''),(1094,25,'S07351048',0,0,0,''),(1095,25,'S07352018',0,0,2,''),(1096,25,'S07352043',0,0,1,''),(1097,25,'S07353008',0,0,1,''),(1098,25,'S07353018',0,0,0,''),(1099,25,'S07353023',0,0,0,''),(1100,25,'S07353029',0,0,0,''),(1101,25,'S07353040',0,0,0,''),(1102,25,'S07353046',0,0,0,''),(1103,25,'S07353050',0,0,1,''),(1104,25,'S07353063',0,0,0,''),(1105,24,'S07351005',0,0,1,''),(1106,24,'S07352030',0,0,1,''),(1107,24,'S07352043',0,0,0,''),(1108,24,'S07353023',0,0,0,''),(1109,24,'S07353064',0,0,0,''),(1110,34,'S07330109',0,0,0,''),(1111,34,'S07351005',0,0,0,''),(1112,34,'S07351006',0,0,0,''),(1113,34,'S07351018',0,0,0,''),(1114,34,'S07351026',0,0,1,''),(1115,34,'S07351028',0,0,0,''),(1116,34,'S07352018',0,0,0,''),(1117,34,'S07353005',0,0,1,''),(1118,34,'S07353008',0,0,0,''),(1119,34,'S07353013',0,0,0,''),(1120,34,'S07353018',0,0,0,''),(1121,34,'S07353031',0,0,0,''),(1122,34,'S07353039',0,0,1,''),(1123,34,'S07353040',0,0,0,''),(1124,34,'S07353063',0,0,0,''),(1125,23,'S07330109',0,0,0,''),(1126,23,'S07351005',0,0,1,''),(1127,23,'S07351006',0,0,1,''),(1128,23,'S07351026',0,0,1,''),(1129,23,'S07351028',0,0,0,''),(1130,23,'S07351044',0,0,0,''),(1131,23,'S07352018',0,0,0,''),(1132,23,'S07352030',0,0,0,''),(1133,23,'S07352043',0,0,0,''),(1134,23,'S07353005',0,0,1,''),(1135,23,'S07353008',0,0,0,''),(1136,23,'S07353018',0,0,0,''),(1137,23,'S07353019',0,0,2,''),(1138,23,'S07353031',0,0,0,''),(1139,23,'S07353034',0,0,1,''),(1140,23,'S07353039',0,0,1,''),(1141,23,'S07353040',0,0,0,''),(1142,23,'S07353044',0,0,1,''),(1143,23,'S07353046',0,0,0,''),(1144,23,'S07353050',0,0,0,''),(1145,22,'S07330109',0,0,1,''),(1146,22,'S07351005',0,0,1,''),(1147,22,'S07351006',0,0,1,''),(1148,22,'S07351026',0,0,0,''),(1149,22,'S07351027',0,0,1,''),(1150,22,'S07351028',0,0,1,''),(1151,22,'S07351044',0,0,0,''),(1152,22,'S07352007',0,0,1,''),(1153,22,'S07352023',0,0,1,''),(1154,22,'S07352025',0,0,1,''),(1155,22,'S07352030',0,0,0,''),(1156,22,'S07353001',0,0,1,''),(1157,22,'S07353005',0,0,1,''),(1158,22,'S07353018',0,0,1,''),(1159,22,'S07353019',0,0,0,''),(1160,22,'S07353034',0,0,1,''),(1161,22,'S07353037',0,0,2,''),(1162,22,'S07353040',0,0,0,''),(1163,22,'S07353041',0,0,1,''),(1164,22,'S07353044',0,0,1,''),(1165,21,'S07330109',0,0,0,''),(1166,21,'S07351026',0,0,1,''),(1167,21,'S07351027',0,0,1,''),(1168,21,'S07351035',0,0,1,''),(1169,21,'S07351044',0,0,0,''),(1170,21,'S07351045',0,0,1,''),(1171,21,'S07352007',0,0,1,''),(1172,21,'S07352018',0,0,0,''),(1173,21,'S07352025',0,0,0,''),(1174,21,'S07352030',0,0,0,''),(1175,21,'S07352042',0,0,2,''),(1176,21,'S07353018',0,0,1,''),(1177,21,'S07353022',0,0,1,''),(1178,21,'S07353023',0,0,0,''),(1179,21,'S07353033',0,0,1,''),(1180,21,'S07353034',0,0,1,''),(1181,21,'S07353035',0,0,2,''),(1182,21,'S07353041',0,0,1,''),(1183,21,'S07353044',0,0,0,''),(1184,21,'S07353046',0,0,0,''),(1185,21,'S07353050',0,0,0,''),(1186,21,'S07353058',0,0,2,''),(1187,21,'S07353064',0,0,0,''),(1188,33,'S06310146',0,0,3,''),(1189,33,'S07221043',0,0,2,''),(1190,33,'S07351002',0,0,1,''),(1191,33,'S07351005',0,0,0,''),(1192,33,'S07351007',0,0,2,''),(1193,33,'S07351008',0,0,2,''),(1194,33,'S07351027',0,0,0,''),(1195,33,'S07351042',0,0,2,''),(1196,33,'S07351045',0,0,1,''),(1197,33,'S07352007',0,0,0,''),(1198,33,'S07352023',0,0,1,''),(1199,33,'S07352025',0,0,0,''),(1200,33,'S07352042',0,0,0,''),(1201,33,'S07352043',0,0,0,''),(1202,33,'S07353018',0,0,0,''),(1203,33,'S07353022',0,0,0,''),(1204,33,'S07353033',0,0,1,''),(1205,33,'S07353034',0,0,0,''),(1206,29,'S07351044',0,0,2,''),(1207,29,'S07351048',0,0,0,''),(1208,29,'S07353023',0,0,2,''),(1209,29,'S07353040',0,0,2,''),(1210,29,'S07353046',0,0,1,''),(1211,29,'S07353063',0,0,0,''),(1212,29,'S07353064',0,0,0,''),(1213,28,'S07351044',0,0,0,''),(1214,28,'S07351048',0,0,1,''),(1215,28,'S07353023',0,0,0,''),(1216,28,'S07353040',0,0,0,''),(1217,28,'S07353046',0,0,0,''),(1218,27,'S07352043',0,0,1,''),(1219,27,'S07353013',0,0,1,''),(1220,27,'S07353023',0,0,1,''),(1221,27,'S07353040',0,0,0,''),(1222,27,'S07353046',0,0,1,''),(1223,27,'S07353064',0,0,0,''),(1224,26,'S07351006',0,0,1,''),(1225,26,'S07351028',0,0,2,''),(1226,26,'S07352030',0,0,1,''),(1227,26,'S07352043',0,0,1,''),(1228,26,'S07353008',0,0,2,''),(1229,26,'S07353018',0,0,1,''),(1230,26,'S07353023',0,0,1,''),(1231,26,'S07353031',0,0,2,''),(1232,26,'S07353046',0,0,1,''),(1233,35,'S07351009',0,0,0,''),(1234,35,'S07351018',0,0,1,''),(1235,35,'S07351044',0,0,1,''),(1236,35,'S07353050',0,0,0,''),(1237,35,'S07353064',0,0,0,''),(1238,36,'S07240049',0,0,0,''),(1239,36,'S07351048',0,0,0,''),(1240,36,'S07351049',0,0,0,''),(1241,36,'S07353063',0,0,0,''),(1242,36,'S07353064',0,0,1,''),(1243,38,'S07351018',0,0,0,''),(1244,38,'S07351049',0,0,0,''),(1245,37,'S07240049',0,0,1,''),(1246,37,'S07351048',0,0,3,''),(1247,37,'S07351049',0,0,1,''),(1248,37,'S07353050',0,0,2,''),(1249,37,'S07353064',0,0,2,''),(1250,39,'S07240049',0,0,1,''),(1251,39,'S07351018',0,0,2,''),(1252,39,'S07351049',0,0,0,''),(1253,42,'S07351009',0,0,0,''),(1254,42,'S07351032',0,0,3,''),(1255,42,'S07351049',0,0,0,''),(1256,42,'S07352026',0,0,1,''),(1257,41,'S07351009',0,0,1,''),(1258,41,'S07351049',0,0,0,''),(1259,41,'S07353063',0,0,2,''),(1260,40,'S07351009',0,0,0,''),(1261,40,'S07351049',0,0,0,''),(1262,40,'S07353029',0,0,2,''),(1263,40,'S07353063',0,0,0,''),(1264,46,'S07351009',0,0,2,''),(1265,46,'S07351049',0,0,0,''),(1266,45,'S07351009',0,0,1,''),(1267,45,'S07351049',0,0,0,''),(1268,44,'S07351009',0,0,0,''),(1269,54,'S07351049',0,0,0,''),(1270,55,'S07351049',0,0,0,''),(1271,55,'S07352026',0,0,0,''),(1272,56,'S07351049',0,0,0,''),(1273,56,'S07352026',0,0,1,''),(1274,57,'S07352026',0,0,1,''),(1275,53,'S06352003',0,0,0,''),(1276,53,'S06352008',0,0,0,''),(1277,53,'S06352011',0,0,0,''),(1278,53,'S06352014',0,0,0,''),(1279,53,'S06352023',0,0,0,''),(1759,32,'S08351002',0,0,1,''),(1760,32,'S08351007',0,0,0,''),(1761,32,'S08351016',0,0,0,''),(1762,32,'S08351019',0,0,2,''),(1763,32,'S08351020',0,0,1,''),(1764,32,'S08351021',0,0,1,''),(1765,32,'S08351022',0,0,2,''),(1766,32,'S08351026',0,0,1,''),(1767,32,'S08351034',0,0,1,''),(1768,32,'S08351036',0,0,1,''),(1769,32,'S08351041',0,0,2,''),(1770,32,'S08351042',0,0,0,''),(1771,32,'S08351043',0,0,2,''),(1772,32,'S08351047',0,0,0,''),(1773,32,'S08352007',0,0,1,''),(1774,32,'S08352023',0,0,1,''),(1775,32,'S08352035',0,0,0,''),(1776,32,'S08352036',0,0,0,''),(1777,32,'S08352039',0,0,2,''),(1778,32,'S08353001',0,0,3,''),(1779,32,'S08353009',0,0,1,''),(1780,32,'S08353010',0,0,2,''),(1781,32,'S08353013',0,0,2,''),(1782,32,'S08353014',0,0,0,''),(1783,32,'S08353015',0,0,2,''),(1784,32,'S08353018',0,0,0,''),(1785,32,'S08353021',0,0,1,''),(1786,32,'S08353024',0,0,0,''),(1787,32,'S08353026',0,0,1,''),(1788,32,'S08353031',0,0,0,''),(1789,32,'S08353036',0,0,1,''),(1790,32,'S08353038',0,0,0,''),(1791,32,'S08353041',0,0,2,''),(1792,32,'S08353044',0,0,2,''),(1793,31,'S08351007',0,0,0,''),(1794,31,'S08351012',0,0,2,''),(1795,31,'S08352024',0,0,0,''),(1796,31,'S08352036',0,0,0,''),(1797,31,'S08353013',0,0,1,''),(1798,31,'S08353023',0,0,0,''),(1799,31,'S08353028',0,0,1,''),(1800,30,'S08352002',0,0,0,''),(1801,53,'S08351003',0,0,0,''),(1802,53,'S08351005',0,0,0,''),(1803,53,'S08351011',0,0,0,''),(1804,53,'S08351026',0,0,0,''),(1805,53,'S08351030',0,0,1,''),(1806,53,'S08351039',0,0,2,''),(1807,53,'S08351041',0,0,3,''),(1808,53,'S08351047',0,0,0,''),(1809,53,'S08352003',0,0,0,''),(1810,53,'S08352014',0,0,0,''),(1811,53,'S08352039',0,0,2,''),(1812,53,'S08353001',0,0,3,''),(1813,53,'S08353002',0,0,1,''),(1814,53,'S08353005',0,0,1,''),(1815,53,'S08353009',0,0,0,''),(1816,53,'S08353010',0,0,1,''),(1817,53,'S08353015',0,0,0,''),(1818,53,'S08353016',0,0,0,''),(1819,53,'S08353018',0,0,0,''),(1820,53,'S08353021',0,0,1,''),(1821,53,'S08353022',0,0,0,''),(1822,53,'S08353026',0,0,1,''),(1823,53,'S08353036',0,0,0,''),(1824,53,'S08353044',0,0,0,''),(1825,53,'S08353602',0,0,0,''),(1826,25,'S08210045',0,0,0,''),(1827,25,'S08240016',0,0,0,''),(1828,25,'S08350001',0,0,1,''),(1829,25,'S08351002',0,0,1,''),(1830,25,'S08351004',0,0,0,''),(1831,25,'S08351008',0,0,0,''),(1832,25,'S08351011',0,0,1,''),(1833,25,'S08351013',0,0,0,''),(1834,25,'S08351017',0,0,0,''),(1835,25,'S08351023',0,0,0,''),(1836,25,'S08351025',0,0,0,''),(1837,25,'S08351037',0,0,1,''),(1838,25,'S08351048',0,0,2,''),(1839,25,'S08352005',0,0,0,''),(1840,25,'S08352006',0,0,0,''),(1841,25,'S08352008',0,0,0,''),(1842,25,'S08352009',0,0,1,''),(1843,25,'S08352011',0,0,0,''),(1844,25,'S08352012',0,0,2,''),(1845,25,'S08352016',0,0,1,''),(1846,25,'S08352017',0,0,0,''),(1847,25,'S08352018',0,0,2,''),(1848,25,'S08352019',0,0,0,''),(1849,25,'S08352025',0,0,0,''),(1850,25,'S08352026',0,0,0,''),(1851,25,'S08352029',0,0,0,''),(1852,25,'S08352030',0,0,0,''),(1853,25,'S08352031',0,0,0,''),(1854,25,'S08352032',0,0,0,''),(1855,25,'S08352035',0,0,0,''),(1856,25,'S08352040',0,0,1,''),(1857,25,'S08353018',0,0,0,''),(1858,25,'S08353033',0,0,0,''),(1859,25,'S08353037',0,0,0,''),(1860,24,'S08350301',0,0,2,''),(1861,24,'S08351002',0,0,0,''),(1862,24,'S08351007',0,0,0,''),(1863,24,'S08351010',0,0,0,''),(1864,24,'S08351016',0,0,1,''),(1865,24,'S08351026',0,0,0,''),(1866,24,'S08351040',0,0,0,''),(1867,24,'S08351046',0,0,1,''),(1868,24,'S08351047',0,0,0,''),(1869,24,'S08352012',0,0,0,''),(1870,24,'S08352014',0,0,1,''),(1871,24,'S08352018',0,0,1,''),(1872,24,'S08352023',0,0,2,''),(1873,24,'S08352034',0,0,1,''),(1874,24,'S08353014',0,0,0,''),(1875,24,'S08353016',0,0,0,''),(1876,24,'S08353018',0,0,0,''),(1877,24,'S08353026',0,0,1,''),(1878,24,'S08353033',0,0,0,''),(1879,24,'S08353036',0,0,2,''),(1880,24,'S08353037',0,0,1,''),(1881,24,'S08490010',0,0,3,''),(1882,34,'S08210045',0,0,0,''),(1883,34,'S08240016',0,0,0,''),(1884,34,'S08350001',0,0,0,''),(1885,34,'S08351006',0,0,0,''),(1886,34,'S08351007',0,0,1,''),(1887,34,'S08351008',0,0,0,''),(1888,34,'S08351011',0,0,1,''),(1889,34,'S08351013',0,0,0,''),(1890,34,'S08351017',0,0,0,''),(1891,34,'S08351020',0,0,1,''),(1892,34,'S08351023',0,0,1,''),(1893,34,'S08351025',0,0,0,''),(1894,34,'S08351029',0,0,2,''),(1895,34,'S08351030',0,0,2,''),(1896,34,'S08351032',0,0,1,''),(1897,34,'S08351047',0,0,0,''),(1898,34,'S08351048',0,0,0,''),(1899,34,'S08351602',0,0,0,''),(1900,34,'S08352001',0,0,0,''),(1901,34,'S08352005',0,0,0,''),(1902,34,'S08352006',0,0,0,''),(1903,34,'S08352008',0,0,0,''),(1904,34,'S08352009',0,0,0,''),(1905,34,'S08352011',0,0,0,''),(1906,34,'S08352014',0,0,0,''),(1907,34,'S08352018',0,0,0,''),(1908,34,'S08352019',0,0,0,''),(1909,34,'S08352022',0,0,1,''),(1910,34,'S08352023',0,0,1,''),(1911,34,'S08352025',0,0,0,''),(1912,34,'S08352026',0,0,0,''),(1913,34,'S08352029',0,0,0,''),(1914,34,'S08352030',0,0,0,''),(1915,34,'S08352032',0,0,0,''),(1916,34,'S08352034',0,0,1,''),(1917,34,'S08352040',0,0,0,''),(1918,34,'S08353018',0,0,1,''),(1919,34,'S08353023',0,0,0,''),(1920,34,'S08353028',0,0,1,''),(1921,34,'S08353031',0,0,1,''),(1922,34,'S08353033',0,0,0,''),(1923,34,'S08353037',0,0,0,''),(1924,23,'S08210026',0,0,0,''),(1925,23,'S08210045',0,0,1,''),(1926,23,'S08240007',0,0,0,''),(1927,23,'S08240016',0,0,0,''),(1928,23,'S08350001',0,0,1,''),(1929,23,'S08350301',0,0,2,''),(1930,23,'S08351005',0,0,1,''),(1931,23,'S08351007',0,0,1,''),(1932,23,'S08351008',0,0,0,''),(1933,23,'S08351011',0,0,0,''),(1934,23,'S08351013',0,0,0,''),(1935,23,'S08351014',0,0,2,''),(1936,23,'S08351016',0,0,0,''),(1937,23,'S08351017',0,0,0,''),(1938,23,'S08351020',0,0,0,''),(1939,23,'S08351023',0,0,0,''),(1940,23,'S08351025',0,0,0,''),(1941,23,'S08351029',0,0,0,''),(1942,23,'S08351030',0,0,1,''),(1943,23,'S08351032',0,0,1,''),(1944,23,'S08351035',0,0,1,''),(1945,23,'S08351037',0,0,0,''),(1946,23,'S08351038',0,0,0,''),(1947,23,'S08351040',0,0,0,''),(1948,23,'S08351046',0,0,0,''),(1949,23,'S08351047',0,0,0,''),(1950,23,'S08351602',0,0,0,''),(1951,23,'S08352005',0,0,0,''),(1952,23,'S08352008',0,0,0,''),(1953,23,'S08352011',0,0,1,''),(1954,23,'S08352014',0,0,0,''),(1955,23,'S08352016',0,0,0,''),(1956,23,'S08352017',0,0,0,''),(1957,23,'S08352018',0,0,0,''),(1958,23,'S08352019',0,0,1,''),(1959,23,'S08352021',0,0,0,''),(1960,23,'S08352022',0,0,1,''),(1961,23,'S08352026',0,0,0,''),(1962,23,'S08352029',0,0,0,''),(1963,23,'S08352030',0,0,0,''),(1964,23,'S08352031',0,0,1,''),(1965,23,'S08352032',0,0,0,''),(1966,23,'S08352034',0,0,0,''),(1967,23,'S08352035',0,0,0,''),(1968,23,'S08352040',0,0,0,''),(1969,23,'S08352041',0,0,2,''),(1970,23,'S08352043',0,0,0,''),(1971,23,'S08353002',0,0,1,''),(1972,23,'S08353008',0,0,0,''),(1973,23,'S08353014',0,0,0,''),(1974,23,'S08353018',0,0,0,''),(1975,23,'S08353027',0,0,0,''),(1976,23,'S08353033',0,0,0,''),(1977,23,'S08353037',0,0,0,''),(1978,22,'S05730040',0,0,2,''),(1979,22,'S06730037',0,0,2,''),(1980,22,'S07730035',0,0,0,''),(1981,22,'S08210026',0,0,1,''),(1982,22,'S08210045',0,0,0,''),(1983,22,'S08240016',0,0,1,''),(1984,22,'S08350001',0,0,1,''),(1985,22,'S08350301',0,0,1,''),(1986,22,'S08351005',0,0,1,''),(1987,22,'S08351006',0,0,0,''),(1988,22,'S08351007',0,0,1,''),(1989,22,'S08351008',0,0,0,''),(1990,22,'S08351011',0,0,0,''),(1991,22,'S08351013',0,0,0,''),(1992,22,'S08351014',0,0,0,''),(1993,22,'S08351016',0,0,1,''),(1994,22,'S08351017',0,0,0,''),(1995,22,'S08351020',0,0,0,''),(1996,22,'S08351023',0,0,0,''),(1997,22,'S08351025',0,0,0,''),(1998,22,'S08351029',0,0,1,''),(1999,22,'S08351032',0,0,1,''),(2000,22,'S08351035',0,0,1,''),(2001,22,'S08351037',0,0,1,''),(2002,22,'S08351038',0,0,0,''),(2003,22,'S08351040',0,0,0,''),(2004,22,'S08351048',0,0,0,''),(2005,22,'S08352003',0,0,1,''),(2006,22,'S08352005',0,0,0,''),(2007,22,'S08352008',0,0,1,''),(2008,22,'S08352009',0,0,1,''),(2009,22,'S08352011',0,0,0,''),(2010,22,'S08352014',0,0,1,''),(2011,22,'S08352018',0,0,1,''),(2012,22,'S08352019',0,0,0,''),(2013,22,'S08352021',0,0,1,''),(2014,22,'S08352022',0,0,1,''),(2015,22,'S08352023',0,0,0,''),(2016,22,'S08352024',0,0,2,''),(2017,22,'S08352026',0,0,0,''),(2018,22,'S08352029',0,0,1,''),(2019,22,'S08352030',0,0,0,''),(2020,22,'S08352031',0,0,0,''),(2021,22,'S08352032',0,0,0,''),(2022,22,'S08352034',0,0,1,''),(2023,22,'S08352035',0,0,1,''),(2024,22,'S08352036',0,0,2,''),(2025,22,'S08352040',0,0,0,''),(2026,22,'S08352043',0,0,0,''),(2027,22,'S08353002',0,0,1,''),(2028,22,'S08353008',0,0,1,''),(2029,22,'S08353014',0,0,1,''),(2030,22,'S08353018',0,0,0,''),(2031,22,'S08353023',0,0,0,''),(2032,22,'S08353027',0,0,0,''),(2033,22,'S08353028',0,0,1,''),(2034,22,'S08353031',0,0,1,''),(2035,22,'S08353037',0,0,0,''),(2036,22,'S08490010',0,0,0,''),(2037,21,'S05730040',0,0,0,''),(2038,21,'S06730037',0,0,0,''),(2039,21,'S08210035',0,0,2,''),(2040,21,'S08210045',0,0,0,''),(2041,21,'S08240007',0,0,0,''),(2042,21,'S08350001',0,0,0,''),(2043,21,'S08351006',0,0,0,''),(2044,21,'S08351009',0,0,2,''),(2045,21,'S08351013',0,0,0,''),(2046,21,'S08351021',0,0,2,''),(2047,21,'S08351026',0,0,2,''),(2048,21,'S08351035',0,0,1,''),(2049,21,'S08351046',0,0,0,''),(2050,21,'S08351047',0,0,0,''),(2051,21,'S08352003',0,0,1,''),(2052,21,'S08352011',0,0,1,''),(2053,21,'S08352014',0,0,1,''),(2054,21,'S08352016',0,0,0,''),(2055,21,'S08352017',0,0,0,''),(2056,21,'S08352019',0,0,0,''),(2057,21,'S08352023',0,0,0,''),(2058,21,'S08352024',0,0,0,''),(2059,21,'S08352030',0,0,0,''),(2060,21,'S08352031',0,0,0,''),(2061,21,'S08352036',0,0,1,''),(2062,21,'S08353008',0,0,1,''),(2063,21,'S08353031',0,0,0,''),(2064,21,'S08353040',0,0,2,''),(2065,21,'S08353603',0,0,2,''),(2066,21,'S08490010',0,0,1,''),(2067,33,'S08350301',0,0,0,''),(2068,33,'S08351002',0,0,1,''),(2069,33,'S08351005',0,0,1,''),(2070,33,'S08351007',0,0,0,''),(2071,33,'S08351011',0,0,0,''),(2072,33,'S08351014',0,0,0,''),(2073,33,'S08351020',0,0,1,''),(2074,33,'S08351021',0,0,0,''),(2075,33,'S08351026',0,0,0,''),(2076,33,'S08351034',0,0,3,''),(2077,33,'S08351036',0,0,2,''),(2078,33,'S08351047',0,0,0,''),(2079,33,'S08352002',0,0,3,''),(2080,33,'S08352003',0,0,1,''),(2081,33,'S08352004',0,0,2,''),(2082,33,'S08352007',0,0,2,''),(2083,33,'S08352009',0,0,1,''),(2084,33,'S08352023',0,0,0,''),(2085,33,'S08352602',0,0,4,''),(2086,33,'S08353005',0,0,2,''),(2087,33,'S08353007',0,0,2,''),(2088,33,'S08353009',0,0,3,''),(2089,33,'S08353012',0,0,4,''),(2090,33,'S08353024',0,0,2,''),(2091,33,'S08353030',0,0,2,''),(2092,33,'S08353031',0,0,1,''),(2093,29,'S08210026',0,0,0,''),(2094,29,'S08351013',0,0,1,''),(2095,29,'S08351017',0,0,2,''),(2096,29,'S08351047',0,0,2,''),(2097,29,'S08352021',0,0,1,''),(2098,29,'S08352031',0,0,2,''),(2099,28,'S08210026',0,0,1,''),(2100,28,'S08351017',0,0,0,''),(2101,28,'S08351047',0,0,0,''),(2102,28,'S08352031',0,0,0,''),(2103,28,'S08353037',0,0,0,''),(2104,27,'S08351013',0,0,0,''),(2105,27,'S08351017',0,0,0,''),(2106,27,'S08351046',0,0,2,''),(2107,27,'S08351047',0,0,0,''),(2108,27,'S08352021',0,0,1,''),(2109,27,'S08353033',0,0,0,''),(2110,27,'S08353037',0,0,0,''),(2111,26,'S08351011',0,0,3,''),(2112,26,'S08351013',0,0,1,''),(2113,26,'S08351017',0,0,1,''),(2114,26,'S08351023',0,0,2,''),(2115,26,'S08351047',0,0,1,''),(2116,26,'S08353037',0,0,1,''),(2117,35,'S07730035',0,0,2,''),(2118,35,'S08351004',0,0,0,''),(2119,35,'S08351007',0,0,0,''),(2120,35,'S08351013',0,0,0,''),(2121,35,'S08351025',0,0,0,''),(2122,35,'S08351026',0,0,2,''),(2123,35,'S08351045',0,0,2,''),(2124,35,'S08352008',0,0,1,''),(2125,35,'S08352026',0,0,0,''),(2126,35,'S08352029',0,0,1,''),(2127,35,'S08352035',0,0,1,''),(2128,35,'S08352040',0,0,1,''),(2129,36,'S08210026',0,0,2,''),(2130,36,'S08210045',0,0,1,''),(2131,36,'S08240016',0,0,0,''),(2132,36,'S08351008',0,0,0,''),(2133,36,'S08351010',0,0,1,''),(2134,36,'S08351013',0,0,0,''),(2135,36,'S08351025',0,0,1,''),(2136,36,'S08351033',0,0,0,''),(2137,36,'S08351038',0,0,0,''),(2138,36,'S08351040',0,0,2,''),(2139,36,'S08352011',0,0,1,''),(2140,36,'S08352017',0,0,1,''),(2141,36,'S08352019',0,0,0,''),(2142,36,'S08352020',0,0,0,''),(2143,36,'S08352025',0,0,0,''),(2144,36,'S08352026',0,0,1,''),(2145,36,'S08352029',0,0,1,''),(2146,36,'S08352040',0,0,1,''),(2147,36,'S08353018',0,0,0,''),(2148,36,'S08353023',0,0,1,''),(2149,36,'S08353027',0,0,1,''),(2150,36,'S08353032',0,0,1,''),(2151,36,'S08353037',0,0,0,''),(2152,38,'S08351004',0,0,0,''),(2153,38,'S08351010',0,0,1,''),(2154,38,'S08352016',0,0,0,''),(2155,38,'S08353003',0,0,0,''),(2156,38,'S08353032',0,0,1,''),(2157,38,'S08353038',0,0,3,''),(2158,37,'S08210045',0,0,0,''),(2159,37,'S08240007',0,0,0,''),(2160,37,'S08240016',0,0,0,''),(2161,37,'S08351008',0,0,2,''),(2162,37,'S08351013',0,0,2,''),(2163,37,'S08351016',0,0,2,''),(2164,37,'S08351025',0,0,2,''),(2165,37,'S08351033',0,0,2,''),(2166,37,'S08351037',0,0,3,''),(2167,37,'S08351038',0,0,2,''),(2168,37,'S08352016',0,0,1,''),(2169,37,'S08352017',0,0,3,''),(2170,37,'S08352019',0,0,0,''),(2171,37,'S08352026',0,0,3,''),(2172,37,'S08353014',0,0,2,''),(2173,37,'S08353018',0,0,1,''),(2174,37,'S08353023',0,0,1,''),(2175,37,'S08353027',0,0,2,''),(2176,39,'S08351602',0,0,1,''),(2177,39,'S08352005',0,0,1,''),(2178,39,'S08352019',0,0,0,''),(2179,39,'S08352020',0,0,0,''),(2180,39,'S08352030',0,0,0,''),(2181,39,'S08352032',0,0,1,''),(2182,39,'S08352038',0,0,0,''),(2183,39,'S08352043',0,0,1,''),(2184,39,'S08352046',0,0,2,''),(2185,39,'S08353003',0,0,0,''),(2186,39,'S08353029',0,0,3,''),(2187,39,'S08353032',0,0,3,''),(2188,39,'S08353602',0,0,1,''),(2189,42,'S08240016',0,0,0,''),(2190,42,'S08430211',0,0,1,''),(2191,42,'S08351003',0,0,1,''),(2192,42,'S08351010',0,0,1,''),(2193,42,'S08351044',0,0,1,''),(2194,42,'S08352004',0,0,3,''),(2195,42,'S08352006',0,0,0,''),(2196,42,'S08352008',0,0,1,''),(2197,42,'S08352018',0,0,2,''),(2198,42,'S08352019',0,0,0,''),(2199,42,'S08352020',0,0,1,''),(2200,42,'S08353003',0,0,2,''),(2201,42,'S08353033',0,0,1,''),(2202,42,'S08353602',0,0,0,''),(2203,41,'S08210045',0,0,2,''),(2204,41,'S08240016',0,0,1,''),(2205,41,'S08340205',0,0,2,''),(2206,41,'S08340210',0,0,2,''),(2207,41,'S08351003',0,0,1,''),(2208,41,'S08351004',0,0,2,''),(2209,41,'S08351006',0,0,2,''),(2210,41,'S08351010',0,0,0,''),(2211,41,'S08351044',0,0,1,''),(2212,41,'S08351602',0,0,2,''),(2213,41,'S08352001',0,0,0,''),(2214,41,'S08352005',0,0,2,''),(2215,41,'S08352006',0,0,1,''),(2216,41,'S08352016',0,0,2,''),(2217,41,'S08352019',0,0,1,''),(2218,41,'S08352025',0,0,2,''),(2219,41,'S08352030',0,0,2,''),(2220,41,'S08352032',0,0,2,''),(2221,41,'S08352033',0,0,2,''),(2222,41,'S08352038',0,0,2,''),(2223,41,'S08353018',0,0,2,''),(2224,41,'S08353023',0,0,2,''),(2225,41,'S08353037',0,0,1,''),(2226,41,'S08353602',0,0,2,''),(2227,40,'S08210045',0,0,0,''),(2228,40,'S08240007',0,0,0,''),(2229,40,'S08240016',0,0,0,''),(2230,40,'S08340205',0,0,1,''),(2231,40,'S08340210',0,0,0,''),(2232,40,'S08351004',0,0,0,''),(2233,40,'S08351006',0,0,0,''),(2234,40,'S08351602',0,0,0,''),(2235,40,'S08352001',0,0,0,''),(2236,40,'S08352005',0,0,0,''),(2237,40,'S08352006',0,0,0,''),(2238,40,'S08352016',0,0,0,''),(2239,40,'S08352019',0,0,0,''),(2240,40,'S08352025',0,0,0,''),(2241,40,'S08352030',0,0,0,''),(2242,40,'S08352032',0,0,0,''),(2243,40,'S08352038',0,0,0,''),(2244,40,'S08352043',0,0,2,''),(2245,40,'S08353003',0,0,1,''),(2246,40,'S08353018',0,0,0,''),(2247,40,'S08353023',0,0,0,''),(2248,40,'S08353033',0,0,0,''),(2249,40,'S08353037',0,0,0,''),(2250,46,'S08240007',0,0,1,''),(2251,46,'S08352001',0,0,0,''),(2252,46,'S08352006',0,0,0,''),(2253,46,'S08352020',0,0,1,''),(2254,46,'S08353033',0,0,1,''),(2255,45,'S08240007',0,0,0,''),(2256,45,'S08430211',0,0,0,''),(2257,45,'S08351003',0,0,2,''),(2258,45,'S08352001',0,0,0,''),(2259,45,'S08352006',0,0,0,''),(2260,45,'S08352020',0,0,0,''),(2261,45,'S08353033',0,0,0,''),(2262,44,'S08240007',0,0,0,''),(2263,44,'S08351003',0,0,0,''),(2264,44,'S08352001',0,0,0,''),(2265,44,'S08352006',0,0,0,''),(2266,44,'S08352020',0,0,0,''),(2267,44,'S08353033',0,0,0,''),(2268,43,'S08240007',0,0,1,''),(2269,43,'S08240016',0,0,1,''),(2270,43,'S08521118',0,0,2,''),(2271,43,'S08352001',0,0,0,''),(2272,43,'S08352006',0,0,0,''),(2273,43,'S08352019',0,0,1,''),(2274,43,'S08352020',0,0,1,''),(2275,43,'S08353033',0,0,0,''),(2276,48,'S08240007',0,0,1,''),(2277,48,'S08352001',0,0,2,''),(2278,47,'S08240007',0,0,0,''),(2279,47,'S08352001',0,0,0,''),(2280,54,'S08430211',0,0,0,''),(2281,54,'S08352006',0,0,0,''),(2282,58,'S08352006',0,0,0,''),(2283,51,'S08430211',0,0,0,''),(2284,51,'S08352006',0,0,0,''),(2285,51,'S08352035',0,0,1,''),(2286,55,'S08430211',0,0,0,''),(2287,55,'S08352004',0,0,0,''),(2288,55,'S08352006',0,0,0,''),(2289,59,'S08430211',0,0,1,''),(2290,59,'S08352006',0,0,0,''),(2291,59,'S08353016',0,0,1,''),(2292,52,'S08430211',0,0,1,''),(2293,52,'S08352006',0,0,1,''),(2294,52,'S08353016',0,0,0,''),(2295,56,'S08430211',0,0,0,''),(2296,56,'S08351044',0,0,0,''),(2297,56,'S08352006',0,0,0,''),(2298,60,'S08352006',0,0,0,''),(2299,60,'S08353016',0,0,0,''),(2300,61,'S08353016',0,0,1,''),(2301,57,'S08351044',0,0,1,''),(2302,57,'S08352006',0,0,2,''),(2303,62,'S08351044',0,0,0,''),(2304,62,'S08352006',0,0,0,''),(2305,63,'S08351044',0,0,0,''),(2306,63,'S08352006',0,0,0,''),(2307,40,'S08352008',1,0,0,'未到考'),(2308,25,'S09350109',0,0,1,''),(2309,25,'S09350121',0,0,1,''),(2310,25,'S09350131',0,0,1,''),(2311,25,'S09350150',0,0,0,''),(2312,25,'S09350204',0,0,0,''),(2313,25,'S09350219',0,0,1,''),(2314,25,'S09350247',0,0,2,''),(2315,25,'S09350308',0,0,0,''),(2316,25,'S09350310',0,0,1,''),(2317,25,'S09350313',0,0,1,''),(2318,25,'S09350324',0,0,0,''),(2319,25,'S09350328',0,0,0,''),(2320,25,'S09350333',0,0,1,''),(2321,25,'S09350339',0,0,1,''),(2322,25,'S09350347',0,0,2,''),(2323,24,'S09350127',0,0,0,''),(2324,24,'S09350204',0,0,0,''),(2325,24,'S09350207',0,0,0,''),(2326,24,'S09350225',0,0,2,''),(2327,24,'S09350237',0,0,1,''),(2328,24,'S09350303',0,0,1,''),(2329,24,'S09350327',0,0,2,''),(2330,24,'S09350348',0,0,0,''),(2331,24,'S09350350',0,0,0,''),(2332,24,'S09350704',0,0,3,''),(2333,34,'S09350110',0,0,1,''),(2334,34,'S09350115',0,0,0,''),(2335,34,'S09350121',0,0,1,''),(2336,34,'S09350150',0,0,0,''),(2337,34,'S09350202',0,0,0,''),(2338,34,'S09350225',0,0,0,''),(2339,34,'S09350240',0,0,0,''),(2340,34,'S09350243',0,0,0,''),(2341,34,'S09350247',0,0,1,''),(2342,34,'S09350303',0,0,1,''),(2343,34,'S09350305',0,0,2,''),(2344,34,'S09350308',0,0,0,''),(2345,34,'S09350310',0,0,1,''),(2346,34,'S09350313',0,0,0,''),(2347,34,'S09350314',0,0,1,''),(2348,34,'S09350339',0,0,1,''),(2349,34,'S09350342',0,0,1,''),(2350,34,'S09350347',0,0,0,''),(2351,34,'S09350348',0,0,0,''),(2352,23,'S09350103',0,0,0,''),(2353,23,'S09350110',0,0,1,''),(2354,23,'S09350111',0,0,2,''),(2355,23,'S09350131',0,0,0,''),(2356,23,'S09350151',0,0,0,''),(2357,23,'S09350204',0,0,0,''),(2358,23,'S09350207',0,0,0,''),(2359,23,'S09350212',0,0,0,''),(2360,23,'S09350213',0,0,0,''),(2361,23,'S09350219',0,0,0,''),(2362,23,'S09350225',0,0,0,''),(2363,23,'S09350227',0,0,0,''),(2364,23,'S09350236',0,0,0,''),(2365,23,'S09350237',0,0,0,''),(2366,23,'S09350243',0,0,1,''),(2367,23,'S09350247',0,0,0,''),(2368,23,'S09350303',0,0,0,''),(2369,23,'S09350305',0,0,1,''),(2370,23,'S09350310',0,0,0,''),(2371,23,'S09350313',0,0,1,''),(2372,23,'S09350324',0,0,0,''),(2373,23,'S09350326',0,0,1,''),(2374,23,'S09350331',0,0,0,''),(2375,23,'S09350340',0,0,0,''),(2376,23,'S09350342',0,0,1,''),(2377,23,'S09350348',0,0,0,''),(2378,22,'S09350104',0,0,0,''),(2379,22,'S09350110',0,0,1,''),(2380,22,'S09350111',0,0,1,''),(2381,22,'S09350121',0,0,0,''),(2382,22,'S09350125',0,0,2,''),(2383,22,'S09350129',0,0,0,''),(2384,22,'S09350131',0,0,1,''),(2385,22,'S09350151',0,0,1,''),(2386,22,'S09350204',0,0,0,''),(2387,22,'S09350206',0,0,0,''),(2388,22,'S09350207',0,0,0,''),(2389,22,'S09350209',0,0,2,''),(2390,22,'S09350212',0,0,0,''),(2391,22,'S09350213',0,0,0,''),(2392,22,'S09350214',0,0,0,''),(2393,22,'S09350219',0,0,0,''),(2394,22,'S09350223',0,0,0,''),(2395,22,'S09350225',0,0,0,''),(2396,22,'S09350227',0,0,0,''),(2397,22,'S09350228',0,0,0,''),(2398,22,'S09350230',0,0,0,''),(2399,22,'S09350234',0,0,0,''),(2400,22,'S09350236',0,0,0,''),(2401,22,'S09350237',0,0,1,''),(2402,22,'S09350243',0,0,0,''),(2403,22,'S09350247',0,0,1,''),(2404,22,'S09350303',0,0,1,''),(2405,22,'S09350305',0,0,1,''),(2406,22,'S09350309',0,0,2,''),(2407,22,'S09350310',0,0,0,''),(2408,22,'S09350313',0,0,1,''),(2409,22,'S09350324',0,0,0,''),(2410,22,'S09350326',0,0,1,''),(2411,22,'S09350335',0,0,2,''),(2412,22,'S09350339',0,0,1,''),(2413,22,'S09350340',0,0,1,''),(2414,22,'S09350342',0,0,1,''),(2415,22,'S09350350',0,0,2,''),(2416,21,'S09350103',0,0,0,''),(2417,21,'S09350104',0,0,1,''),(2418,21,'S09350121',0,0,0,''),(2419,21,'S09350122',0,0,2,''),(2420,21,'S09350131',0,0,1,''),(2421,21,'S09350209',0,0,0,''),(2422,21,'S09350225',0,0,0,''),(2423,21,'S09350228',0,0,1,''),(2424,21,'S09350320',0,0,2,''),(2425,21,'S09350338',0,0,2,''),(2426,21,'S09350340',0,0,1,''),(2427,21,'S09350344',0,0,2,''),(2428,33,'S09350104',0,0,1,''),(2429,33,'S09350228',0,0,1,''),(2430,33,'S09350238',0,0,3,''),(2431,33,'S09350247',0,0,0,''),(2432,33,'S09350249',0,0,2,''),(2433,33,'S09350310',0,0,0,''),(2434,33,'S09350326',0,0,1,''),(2435,33,'S09350332',0,0,3,''),(2436,33,'S09350348',0,0,0,''),(2437,33,'S09350349',0,0,3,''),(2438,33,'S09350704',0,0,2,''),(2439,35,'S09350103',0,0,2,''),(2440,35,'S09350104',0,0,2,''),(2441,35,'S09350114',0,0,1,''),(2442,35,'S09350124',0,0,0,''),(2443,35,'S09350127',0,0,1,''),(2444,35,'S09350204',0,0,0,''),(2445,35,'S09350207',0,0,0,''),(2446,35,'S09350213',0,0,1,''),(2447,35,'S09350228',0,0,2,''),(2448,35,'S09350237',0,0,2,''),(2449,35,'S09350240',0,0,0,''),(2450,35,'S09350243',0,0,2,''),(2451,35,'S09350246',0,0,3,''),(2452,35,'S09350301',0,0,1,''),(2453,35,'S09350303',0,0,0,''),(2454,35,'S09350308',0,0,0,''),(2455,35,'S09350310',0,0,1,''),(2456,35,'S09350315',0,0,1,''),(2457,35,'S09350323',0,0,1,''),(2458,35,'S09350328',0,0,0,''),(2459,35,'S09350331',0,0,2,''),(2460,35,'S09350333',0,0,0,''),(2461,35,'S09350342',0,0,2,''),(2462,35,'S09350344',0,0,2,''),(2463,35,'S09350347',0,0,2,''),(2464,35,'S09350348',0,0,0,''),(2465,35,'S09350350',0,0,1,''),(2466,36,'S09350109',0,0,1,''),(2467,36,'S09350121',0,0,1,''),(2468,36,'S09350131',0,0,2,''),(2469,36,'S09350132',0,0,0,''),(2470,36,'S09350149',0,0,0,''),(2471,36,'S09350213',0,0,0,''),(2472,36,'S09350219',0,0,1,''),(2473,36,'S09350229',0,0,1,''),(2474,36,'S09350301',0,0,2,''),(2475,36,'S09350308',0,0,0,''),(2476,36,'S09350323',0,0,2,''),(2477,36,'S09350328',0,0,1,''),(2478,38,'S09350110',0,0,1,''),(2479,38,'S09350114',0,0,1,''),(2480,38,'S09350121',0,0,0,''),(2481,38,'S09350122',0,0,2,''),(2482,38,'S09350125',0,0,1,''),(2483,38,'S09350127',0,0,2,''),(2484,38,'S09350213',0,0,1,''),(2485,38,'S09350221',0,0,2,''),(2486,38,'S09350248',0,0,2,''),(2487,38,'S09350252',0,0,0,''),(2488,38,'S09350301',0,0,1,''),(2489,38,'S09350308',0,0,1,''),(2490,38,'S09350315',0,0,2,''),(2491,38,'S09350319',0,0,1,''),(2492,38,'S09350322',0,0,0,''),(2493,38,'S09350323',0,0,2,''),(2494,38,'S09350326',0,0,1,''),(2495,38,'S09350328',0,0,0,''),(2496,38,'S09350329',0,0,1,''),(2497,38,'S09350333',0,0,1,''),(2498,38,'S09350342',0,0,1,''),(2499,38,'S09350350',0,0,1,''),(2500,38,'S09350351',0,0,2,''),(2501,37,'S09350109',0,0,2,''),(2502,37,'S09350119',0,0,0,''),(2503,37,'S09350149',0,0,0,''),(2504,37,'S09350204',0,0,2,''),(2505,37,'S09350206',0,0,0,''),(2506,37,'S09350207',0,0,0,''),(2507,37,'S09350219',0,0,1,''),(2508,37,'S09350229',0,0,2,''),(2509,37,'S09350234',0,0,0,''),(2510,37,'S09350252',0,0,1,''),(2511,37,'S09350308',0,0,2,''),(2512,37,'S09350314',0,0,2,''),(2513,37,'S09350328',0,0,1,''),(2514,37,'S09350711',0,0,2,''),(2515,37,'S09350712',0,0,1,''),(2516,39,'S09350113',0,0,0,''),(2517,39,'S09350114',0,0,1,''),(2518,39,'S09350119',0,0,0,''),(2519,39,'S09350122',0,0,1,''),(2520,39,'S09350125',0,0,2,''),(2521,39,'S09350202',0,0,0,''),(2522,39,'S09350223',0,0,0,''),(2523,39,'S09350232',0,0,1,''),(2524,39,'S09350234',0,0,0,''),(2525,39,'S09350236',0,0,0,''),(2526,39,'S09350248',0,0,3,''),(2527,39,'S09350319',0,0,1,''),(2528,39,'S09350328',0,0,1,''),(2529,39,'S09350329',0,0,2,''),(2530,39,'S09350333',0,0,1,''),(2531,39,'S09350352',0,0,0,''),(2532,39,'S09350705',0,0,5,''),(2533,42,'S09350113',0,0,1,''),(2534,42,'S09350116',0,0,4,''),(2535,42,'S09350124',0,0,0,''),(2536,42,'S09350125',0,0,2,''),(2537,42,'S09350139',0,0,2,''),(2538,42,'S09350207',0,0,0,''),(2539,42,'S09350211',0,0,0,''),(2540,42,'S09350223',0,0,0,''),(2541,42,'S09350230',0,0,0,''),(2542,42,'S09350231',0,0,1,''),(2543,42,'S09350249',0,0,2,''),(2544,42,'S09350251',0,0,4,''),(2545,42,'S09350323',0,0,1,''),(2546,42,'S09350325',0,0,1,''),(2547,42,'S09350344',0,0,3,''),(2548,42,'S09350349',0,0,1,''),(2549,41,'S09350106',0,0,1,''),(2550,41,'S09350119',0,0,2,''),(2551,41,'S09350145',0,0,1,''),(2552,41,'S09350149',0,0,1,''),(2553,41,'S09350202',0,0,2,''),(2554,41,'S09350206',0,0,1,''),(2555,41,'S09350214',0,0,2,''),(2556,41,'S09350222',0,0,2,''),(2557,41,'S09350234',0,0,1,''),(2558,41,'S09350236',0,0,2,''),(2559,41,'S09350340',0,0,2,''),(2560,41,'S09350343',0,0,2,''),(2561,40,'S09350119',0,0,0,''),(2562,40,'S09350145',0,0,0,''),(2563,40,'S09350149',1,1,0,''),(2564,40,'S09350150',0,0,0,''),(2565,40,'S09350151',1,0,0,''),(2566,40,'S09350202',0,0,0,''),(2567,40,'S09350206',0,0,0,''),(2568,40,'S09350232',0,0,0,''),(2569,40,'S09350234',1,1,0,''),(2570,40,'S09350236',0,0,0,''),(2571,40,'S09350252',1,1,0,''),(2572,40,'S09350343',0,0,1,''),(2573,50,'S09350106',0,0,0,''),(2574,50,'S09350112',0,0,0,''),(2575,50,'S09350206',0,0,0,''),(2576,49,'S09350106',0,0,0,''),(2577,49,'S09350112',0,0,1,''),(2578,49,'S09350148',0,0,1,''),(2579,49,'S09350206',0,0,0,''),(2580,49,'S09350352',0,0,0,''),(2581,48,'S09350112',1,1,0,''),(2582,48,'S09350145',0,0,2,''),(2583,48,'S09350206',0,0,0,''),(2584,48,'S09350223',0,0,2,''),(2585,47,'S09350117',0,0,2,''),(2586,47,'S09350145',0,0,0,''),(2587,47,'S09350206',0,0,0,''),(2588,47,'S09350223',0,0,0,''),(2589,54,'S09130023',0,0,1,''),(2590,54,'S09350112',0,0,0,''),(2591,54,'S09350124',0,0,0,''),(2592,54,'S09350125',0,0,0,''),(2593,54,'S09350207',0,0,0,''),(2594,54,'S09350210',0,0,0,''),(2595,54,'S09350226',0,0,2,''),(2596,54,'S09350238',0,0,0,''),(2597,54,'S09350254',0,0,0,''),(2598,54,'S09350255',0,0,0,''),(2599,54,'S09350256',0,0,1,''),(2600,54,'S09350257',0,0,0,''),(2601,54,'S09350319',0,0,0,''),(2602,54,'S09350325',0,0,0,''),(2603,54,'S09350342',0,0,1,''),(2604,54,'S09350348',0,0,0,''),(2605,54,'S09350352',0,0,0,''),(2606,54,'S09350353',0,0,0,''),(2607,54,'S09350356',0,0,0,''),(2608,58,'S09350105',0,0,0,''),(2609,58,'S09350106',0,0,1,''),(2610,58,'S09350123',0,0,0,''),(2611,58,'S09350128',0,0,0,''),(2612,58,'S09350132',0,0,0,''),(2613,58,'S09350144',0,0,1,''),(2614,58,'S09350147',1,0,0,''),(2615,58,'S09350148',0,0,2,''),(2616,58,'S09350149',0,0,0,''),(2617,58,'S09350150',0,0,1,''),(2618,58,'S09350206',0,0,0,''),(2619,58,'S09350210',0,0,0,''),(2620,58,'S09350211',0,0,0,''),(2621,58,'S09350212',0,0,0,''),(2622,58,'S09350230',1,0,0,''),(2623,58,'S09350232',0,0,0,''),(2624,58,'S09350234',0,0,0,''),(2625,58,'S09350240',0,0,0,''),(2626,58,'S09350241',0,0,1,''),(2627,58,'S09350242',0,0,0,''),(2628,58,'S09350254',1,1,0,''),(2629,58,'S09350255',0,0,2,''),(2630,58,'S09350256',0,0,0,''),(2631,58,'S09350257',1,1,0,''),(2632,58,'S09350322',0,0,0,''),(2633,58,'S09350348',0,0,1,''),(2634,58,'S09350352',0,0,0,''),(2635,58,'S09350353',0,0,0,''),(2636,58,'S09350356',0,0,2,''),(2637,58,'S09350712',0,0,0,''),(2638,58,'S09350801',0,0,1,''),(2639,51,'S09350106',0,0,1,''),(2640,51,'S09350107',0,0,0,''),(2641,51,'S09350112',0,0,2,''),(2642,51,'S09350123',0,0,0,''),(2643,51,'S09350128',0,0,0,''),(2644,51,'S09350132',0,0,0,''),(2645,51,'S09350148',0,0,0,''),(2646,51,'S09350149',0,0,0,''),(2647,51,'S09350206',0,0,0,''),(2648,51,'S09350207',0,0,0,''),(2649,51,'S09350210',0,0,0,''),(2650,51,'S09350211',0,0,0,''),(2651,51,'S09350212',0,0,0,''),(2652,51,'S09350227',0,0,0,''),(2653,51,'S09350230',0,0,0,''),(2654,51,'S09350232',0,0,0,''),(2655,51,'S09350234',0,0,0,''),(2656,51,'S09350242',0,0,0,''),(2657,51,'S09350255',0,0,0,''),(2658,51,'S09350256',1,1,0,''),(2659,51,'S09350257',0,0,0,''),(2660,51,'S09350322',0,0,0,''),(2661,51,'S09350348',1,1,0,''),(2662,51,'S09350352',0,0,0,''),(2663,51,'S09350353',0,0,0,''),(2664,51,'S09350712',1,1,0,''),(2665,55,'S09130041',0,0,0,''),(2666,55,'S09350147',0,0,0,''),(2667,55,'S09350231',0,0,0,''),(2668,55,'S09350256',0,0,0,''),(2669,55,'S09350308',0,0,0,''),(2670,55,'S09350319',0,0,1,''),(2671,55,'S09350325',0,0,2,''),(2672,55,'S09350340',0,0,0,''),(2673,55,'S09350342',0,0,1,''),(2674,55,'S09350348',0,0,0,''),(2675,55,'S09350704',0,0,2,''),(2676,59,'S09130041',0,0,0,''),(2677,59,'S09350101',0,0,0,''),(2678,59,'S09350107',1,1,0,''),(2679,59,'S09350115',0,0,0,''),(2680,59,'S09350123',0,0,2,''),(2681,59,'S09350124',0,0,0,''),(2682,59,'S09350128',0,0,2,''),(2683,59,'S09350132',0,0,2,''),(2684,59,'S09350133',0,0,2,''),(2685,59,'S09350138',0,0,0,''),(2686,59,'S09350144',0,0,2,''),(2687,59,'S09350147',1,1,0,''),(2688,59,'S09350149',0,0,0,''),(2689,59,'S09350150',0,0,0,''),(2690,59,'S09350155',0,0,2,''),(2691,59,'S09350205',0,0,0,''),(2692,59,'S09350206',0,0,1,''),(2693,59,'S09350207',0,0,1,''),(2694,59,'S09350210',0,0,0,''),(2695,59,'S09350211',0,0,1,''),(2696,59,'S09350212',1,1,0,''),(2697,59,'S09350217',0,0,1,''),(2698,59,'S09350220',0,0,1,''),(2699,59,'S09350227',0,0,0,''),(2700,59,'S09350231',0,0,1,''),(2701,59,'S09350232',0,0,1,''),(2702,59,'S09350234',0,0,1,''),(2703,59,'S09350241',0,0,0,''),(2704,59,'S09350242',0,0,1,''),(2705,59,'S09350244',0,0,1,''),(2706,59,'S09350252',0,0,0,''),(2707,59,'S09350254',0,0,2,''),(2708,59,'S09350256',0,0,1,''),(2709,59,'S09350257',0,0,0,''),(2710,59,'S09350317',0,0,2,''),(2711,59,'S09350322',0,0,1,''),(2712,59,'S09350345',0,0,1,''),(2713,59,'S09350348',1,1,0,''),(2714,59,'S09350352',0,0,1,''),(2715,59,'S09350353',1,1,0,''),(2716,59,'S09350712',0,0,1,''),(2717,59,'S09350801',0,0,2,''),(2718,59,'S09350807',0,0,0,''),(2719,59,'G09358002',0,0,2,''),(2720,52,'S09210057',0,0,0,''),(2721,52,'S09350101',0,0,0,''),(2722,52,'S09350122',0,0,0,''),(2723,52,'S09350132',0,0,0,''),(2724,52,'S09350133',0,0,0,''),(2725,52,'S09350137',0,0,0,''),(2726,52,'S09350147',0,0,2,''),(2727,52,'S09350207',0,0,0,''),(2728,52,'S09350213',0,0,3,''),(2729,52,'S09350234',0,0,0,''),(2730,52,'S09350241',0,0,0,''),(2731,52,'S09350256',0,0,0,''),(2732,52,'S09350318',0,0,1,''),(2733,52,'S09350345',0,0,0,''),(2734,52,'S09350352',0,0,0,''),(2735,56,'S09350101',0,0,0,''),(2736,56,'S09350115',0,0,0,''),(2737,56,'S09350124',0,0,0,''),(2738,56,'S09350137',0,0,0,''),(2739,56,'S09350138',0,0,0,''),(2740,56,'S09350149',0,0,0,''),(2741,56,'S09350150',0,0,0,''),(2742,56,'S09350206',0,0,0,''),(2743,56,'S09350207',0,0,1,''),(2744,56,'S09350210',0,0,0,''),(2745,56,'S09350213',0,0,0,''),(2746,56,'S09350217',0,0,1,''),(2747,56,'S09350227',0,0,0,''),(2748,56,'S09350230',0,0,0,''),(2749,56,'S09350240',0,0,0,''),(2750,56,'S09350241',0,0,1,''),(2751,56,'S09350242',0,0,0,''),(2752,56,'S09350244',0,0,1,''),(2753,56,'S09350303',0,0,1,''),(2754,56,'S09350322',0,0,0,''),(2755,56,'S09350336',0,0,0,''),(2756,56,'S09350345',0,0,0,''),(2757,56,'S09350348',0,0,0,''),(2758,56,'S09350352',0,0,0,''),(2759,60,'S09350101',0,0,0,''),(2760,60,'S09350115',0,0,1,''),(2761,60,'S09350124',0,0,0,''),(2762,60,'S09350137',0,0,4,''),(2763,60,'S09350138',1,0,0,''),(2764,60,'S09350149',0,0,1,''),(2765,60,'S09350150',0,0,0,''),(2766,60,'S09350205',0,0,0,''),(2767,60,'S09350206',0,0,0,''),(2768,60,'S09350207',0,0,1,''),(2769,60,'S09350210',0,0,0,''),(2770,60,'S09350211',0,0,0,''),(2771,60,'S09350212',0,0,0,''),(2772,60,'S09350217',0,0,1,''),(2773,60,'S09350220',0,0,2,''),(2774,60,'S09350227',0,0,0,''),(2775,60,'S09350230',0,0,0,''),(2776,60,'S09350231',0,0,2,''),(2777,60,'S09350232',0,0,1,''),(2778,60,'S09350234',0,0,1,''),(2779,60,'S09350240',0,0,0,''),(2780,60,'S09350241',0,0,0,''),(2781,60,'S09350242',0,0,0,''),(2782,60,'S09350252',0,0,0,''),(2783,60,'S09350256',0,0,1,''),(2784,60,'S09350318',0,0,2,''),(2785,60,'S09350322',0,0,0,''),(2786,60,'S09350345',0,0,1,''),(2787,60,'S09350352',0,0,0,''),(2788,60,'S09350712',0,0,1,''),(2789,60,'S09350807',0,0,0,''),(2790,61,'S09350107',0,0,0,''),(2791,61,'S09350115',0,0,2,''),(2792,61,'S09350138',0,0,0,''),(2793,61,'S09350205',0,0,2,''),(2794,61,'S09350210',0,0,2,''),(2795,61,'S09350227',0,0,2,''),(2796,61,'S09350230',0,0,2,''),(2797,61,'S09350240',0,0,1,''),(2798,61,'S09350242',0,0,2,''),(2799,61,'S09350252',0,0,1,''),(2800,61,'S09350257',0,0,0,''),(2801,61,'S09350348',0,0,1,''),(2802,61,'S09350352',0,0,0,''),(2803,57,'S09350105',0,0,2,''),(2804,57,'S09350107',0,0,0,''),(2805,57,'S09350115',0,0,0,''),(2806,57,'S09350150',0,0,1,''),(2807,57,'S09350205',0,0,0,''),(2808,57,'S09350210',0,0,0,''),(2809,57,'S09350227',0,0,1,''),(2810,57,'S09350230',0,0,1,''),(2811,57,'S09350240',0,0,0,''),(2812,57,'S09350242',0,0,0,''),(2813,57,'S09350252',0,0,1,''),(2814,57,'S09350257',0,0,0,''),(2815,57,'S09350348',0,0,0,''),(2816,57,'S09350352',0,0,0,''),(2817,57,'S09350353',0,0,0,''),(2818,57,'S09350807',0,0,0,''),(2819,62,'S09350107',0,0,0,''),(2820,62,'S09350115',0,0,0,''),(2821,62,'S09350150',0,0,0,''),(2822,62,'S09350205',0,0,1,''),(2823,62,'S09350210',0,0,1,''),(2824,62,'S09350211',0,0,2,''),(2825,62,'S09350227',0,0,0,''),(2826,62,'S09350230',0,0,0,''),(2827,62,'S09350240',0,0,1,''),(2828,62,'S09350242',0,0,0,''),(2829,62,'S09350252',0,0,0,''),(2830,62,'S09350257',0,0,0,''),(2831,62,'S09350348',0,0,1,''),(2832,62,'S09350352',0,0,0,''),(2833,63,'S09350101',0,0,2,''),(2834,63,'S09350107',0,0,1,''),(2835,63,'S09350115',0,0,0,''),(2836,63,'S09350124',0,0,2,''),(2837,63,'S09350149',0,0,1,''),(2838,63,'S09350150',0,0,1,''),(2839,63,'S09350205',0,0,0,''),(2840,63,'S09350206',0,0,1,''),(2841,63,'S09350210',0,0,0,''),(2842,63,'S09350211',0,0,1,''),(2843,63,'S09350212',0,0,2,''),(2844,63,'S09350227',0,0,0,''),(2845,63,'S09350230',0,0,0,''),(2846,63,'S09350240',0,0,1,''),(2847,63,'S09350241',0,0,1,''),(2848,63,'S09350242',0,0,0,''),(2849,63,'S09350252',0,0,0,''),(2850,63,'S09350257',0,0,0,''),(2851,63,'S09350322',0,0,2,''),(2852,63,'S09350345',0,0,1,''),(2853,63,'S09350348',0,0,0,''),(2854,63,'S09350352',0,0,0,''),(2855,63,'S09350805',0,0,2,''),(2856,63,'S09350807',0,0,1,''),(2857,61,'S10350218',0,0,1,''),(2858,61,'S10350304',0,0,1,''),(2859,61,'S10750049',0,0,0,''),(2860,57,'S10350218',0,0,1,''),(2861,57,'S10350314',0,0,2,''),(2862,57,'S10750049',0,0,1,''),(2863,62,'S10350218',0,0,0,''),(2864,62,'S10350304',0,0,0,''),(2865,62,'S10350314',0,0,1,''),(2866,62,'S10750049',0,0,0,''),(2867,63,'S10350203',0,0,2,''),(2868,63,'S10350218',0,0,1,''),(2869,63,'S10350304',0,0,0,''),(2870,63,'S10350314',0,0,0,''),(2871,63,'S10750049',0,0,0,''),(2872,56,'S10350114',0,0,1,''),(2873,56,'S10350134',0,0,2,''),(2874,56,'S10350135',0,0,1,''),(2875,56,'S10350158',0,0,2,''),(2876,56,'S10350208',0,0,0,''),(2877,56,'S10350210',0,0,0,''),(2878,56,'S10350216',0,0,0,''),(2879,56,'S10350233',0,0,1,''),(2880,56,'S10350247',0,0,4,''),(2881,56,'S10350301',0,0,0,''),(2882,56,'S10350305',0,0,0,''),(2883,56,'S10350307',0,0,0,''),(2884,56,'S10350309',0,0,0,''),(2885,56,'S10350323',0,0,1,''),(2886,56,'S10350326',0,0,4,''),(2887,56,'S10350329',0,0,0,''),(2888,56,'S10350334',0,0,0,''),(2889,56,'S10350337',0,0,0,''),(2890,56,'S10350341',0,0,0,''),(2891,56,'S10350345',0,0,0,''),(2892,60,'S10350102',0,0,1,''),(2893,60,'S10350149',0,0,0,''),(2894,60,'S10350151',0,0,0,''),(2895,60,'S10350203',0,0,0,''),(2896,60,'S10350218',0,0,0,''),(2897,60,'S10350238',0,0,0,''),(2898,60,'S10350304',0,0,0,''),(2899,60,'S10350314',0,0,0,''),(2900,60,'S10350337',0,0,0,''),(2901,59,'S10350102',0,0,1,''),(2902,59,'S10410332',1,0,0,''),(2903,59,'S10350203',0,0,0,''),(2904,59,'S10350210',0,0,0,''),(2905,59,'S10350240',0,0,0,''),(2906,59,'S10350308',0,0,0,''),(2907,59,'S10350309',0,0,3,''),(2908,59,'S10350314',1,1,0,''),(2909,52,'S10350114',0,0,3,''),(2910,52,'S10350122',0,0,0,''),(2911,52,'S10350134',0,0,3,''),(2912,52,'S10350135',0,0,2,''),(2913,52,'S10350208',0,0,1,''),(2914,52,'S10350210',0,0,1,''),(2915,52,'S10350238',0,0,1,''),(2916,52,'S10350240',0,0,2,''),(2917,52,'S10350247',0,0,3,''),(2918,52,'S10350307',0,0,2,''),(2919,52,'S10350309',0,0,1,''),(2920,52,'S10350329',0,0,0,''),(2921,52,'S10350334',0,0,0,''),(2922,52,'S10350337',0,0,0,''),(2923,55,'S10350114',0,0,2,''),(2924,55,'S10350131',0,0,0,''),(2925,55,'S10350134',0,0,2,''),(2926,55,'S10350135',0,0,1,''),(2927,55,'S10350145',0,0,0,''),(2928,55,'S10350149',0,0,0,''),(2929,55,'S10350151',0,0,0,''),(2930,55,'S10350152',0,0,0,''),(2931,55,'S10350157',0,0,1,''),(2932,55,'S10350208',0,0,0,''),(2933,55,'S10350210',0,0,1,''),(2934,55,'S10350211',0,0,0,''),(2935,55,'S10350213',0,0,0,''),(2936,55,'S10350223',0,0,0,''),(2937,55,'S10350225',0,0,0,''),(2938,55,'S10350228',0,0,0,''),(2939,55,'S10350230',0,0,0,''),(2940,55,'S10350236',0,0,0,''),(2941,55,'S10350237',0,0,0,''),(2942,55,'S10350240',0,0,0,''),(2943,55,'S10350241',0,0,0,''),(2944,55,'S10350243',0,0,1,''),(2945,55,'S10350247',0,0,3,''),(2946,55,'S10350301',0,0,0,''),(2947,55,'S10350309',0,0,0,''),(2948,55,'S10350311',0,0,0,''),(2949,55,'S10350313',0,0,1,''),(2950,55,'S10350323',0,0,0,''),(2951,55,'S10350332',0,0,0,''),(2952,55,'S10350334',0,0,0,''),(2953,55,'S10350337',0,0,0,''),(2954,55,'S10350339',0,0,0,''),(2955,55,'S10350345',0,0,0,''),(2956,55,'S10490022',0,0,0,''),(2957,55,'S09330121',0,0,0,''),(2958,58,'S10350149',0,0,0,''),(2959,58,'S10350151',0,0,0,''),(2960,58,'S10350152',0,0,0,''),(2961,58,'S10350203',0,0,0,''),(2962,58,'S10350210',0,0,0,''),(2963,58,'S10350220',0,0,1,''),(2964,58,'S10350224',0,0,2,''),(2965,58,'S10350238',0,0,0,''),(2966,58,'S10350240',0,0,0,''),(2967,58,'S10350304',0,0,0,''),(2968,58,'S10350318',0,0,3,''),(2969,58,'S09330121',0,0,1,''),(2970,51,'S10350102',0,0,0,''),(2971,51,'S10350140',0,0,1,''),(2972,51,'S10350145',0,0,1,''),(2973,51,'S10350203',0,0,0,''),(2974,51,'S10350304',0,0,0,''),(2975,51,'S10350308',0,0,0,''),(2976,54,'S10350103',0,0,0,''),(2977,54,'S10350116',0,0,0,''),(2978,54,'S10350145',0,0,0,''),(2979,54,'S10350158',0,0,0,''),(2980,54,'S10350233',0,0,0,''),(2981,54,'S10350236',0,0,0,''),(2982,54,'S10350240',0,0,0,''),(2983,54,'S10350241',0,0,0,''),(2984,54,'S10350247',0,0,1,''),(2985,54,'S10350307',0,0,0,''),(2986,54,'S10350308',0,0,0,''),(2987,54,'S10350315',0,0,0,''),(2988,54,'S10350329',0,0,1,''),(2989,54,'S10350334',0,0,0,''),(2990,54,'S10350338',0,0,0,''),(2991,54,'S10350341',0,0,0,''),(2992,54,'S09330121',0,0,0,''),(2993,49,'S10350140',0,0,1,''),(2994,42,'S10350220',0,0,1,''),(2995,42,'S10350237',0,0,1,''),(2996,42,'S10350238',0,0,1,''),(2997,42,'S10350243',0,0,2,''),(2998,42,'S10350247',0,0,3,''),(2999,42,'S10350307',0,0,2,''),(3000,42,'S10350315',0,0,2,''),(3001,42,'S10350337',0,0,0,''),(3002,42,'S10350341',0,0,0,''),(3003,42,'S10350345',0,0,0,''),(3004,42,'S10680022',0,0,3,''),(3005,41,'S10350102',0,0,1,''),(3006,41,'S10350140',0,0,1,''),(3007,41,'S10350145',0,0,1,''),(3008,41,'S10350208',0,0,0,''),(3009,41,'S10350210',0,0,1,''),(3010,41,'S10350220',0,0,1,''),(3011,41,'S10350224',0,0,0,''),(3012,41,'S10350308',0,0,1,''),(3013,41,'S10350311',0,0,0,''),(3014,41,'S10350338',0,0,2,''),(3015,40,'S10350102',0,0,0,''),(3016,40,'S10350103',0,0,2,''),(3017,40,'S10350114',0,0,3,''),(3018,40,'S10350140',0,0,0,''),(3019,40,'S10350203',0,0,0,''),(3020,40,'S10350210',0,0,0,''),(3021,40,'S10350211',0,0,3,''),(3022,40,'S10350221',0,0,2,''),(3023,40,'S10350225',0,0,0,''),(3024,40,'S10350314',0,0,0,''),(3025,40,'S10350337',1,1,0,''),(3026,40,'S10350338',0,0,0,''),(3027,40,'S10350345',0,0,1,''),(3028,40,'S10750049',0,0,0,''),(3029,39,'S10350103',0,0,0,''),(3030,39,'S10350140',0,0,0,''),(3031,39,'S10350210',0,0,0,''),(3032,39,'S10350216',0,0,2,''),(3033,39,'S10350224',0,0,0,''),(3034,39,'S10350227',0,0,3,''),(3035,39,'S10350247',0,0,3,''),(3036,39,'S10350308',0,0,0,''),(3037,39,'S10350310',0,0,0,''),(3038,39,'S10350312',0,0,2,''),(3039,39,'S10350315',0,0,0,''),(3040,39,'S10350326',0,0,3,''),(3041,39,'S10350338',0,0,0,''),(3042,39,'S10350339',0,0,1,''),(3043,38,'S10350247',0,0,2,''),(3044,38,'S10350307',0,0,2,''),(3045,38,'S10350315',0,0,1,''),(3046,38,'S10350320',0,0,0,''),(3047,38,'S10350324',0,0,4,''),(3048,38,'S10350326',0,0,3,''),(3049,38,'S10350330',0,0,3,''),(3050,38,'S10350341',0,0,0,''),(3051,35,'S10350113',0,0,2,''),(3052,35,'S10350134',0,0,2,''),(3053,35,'S10350135',0,0,2,''),(3054,35,'S10350136',0,0,3,''),(3055,35,'S10350145',0,0,1,''),(3056,35,'S10350247',0,0,2,''),(3057,35,'S10350307',0,0,1,''),(3058,35,'S10350315',0,0,1,''),(3059,35,'S10350324',0,0,4,''),(3060,24,'S10350106',0,0,0,''),(3061,24,'S10350113',0,0,1,''),(3062,24,'S10350247',0,0,3,''),(3063,24,'S10350307',0,0,1,''),(3064,24,'S10350313',0,0,3,''),(3065,24,'S10350316',0,0,3,''),(3066,24,'S10350321',0,0,2,''),(3067,24,'S10350326',0,0,3,''),(3068,24,'S10350328',0,0,3,''),(3069,24,'S10350341',0,0,0,''),(3070,62,'S11350101',0,0,1,''),(3071,62,'S11350307',0,0,1,''),(3072,63,'S11350101',0,0,1,''),(3073,63,'S11350162',0,0,0,''),(3074,63,'S11350307',0,0,1,''),(3075,56,'S11350101',0,0,0,''),(3076,56,'S11350104',0,0,0,''),(3077,56,'S11350105',0,0,0,''),(3078,56,'S11350129',0,0,0,''),(3079,56,'S11350150',0,0,5,''),(3080,56,'s11350152',0,0,0,''),(3081,56,'S11350158',0,0,0,''),(3082,56,'S11350207',0,0,0,''),(3083,56,'S11350209',0,0,0,''),(3084,56,'S11350219',0,0,0,''),(3085,56,'S11350222',0,0,2,''),(3086,56,'S11240010',0,0,0,''),(3087,56,'S11350307',0,0,0,''),(3088,56,'S11350316',0,0,3,''),(3089,56,'S11350327',0,0,1,''),(3090,56,'S11350705',0,0,0,''),(3091,56,'S11490079',0,0,0,''),(3092,60,'S11350101',0,0,1,''),(3093,60,'S11350105',0,0,0,''),(3094,60,'S11350113',0,0,0,''),(3095,60,'S11350205',0,0,1,''),(3096,60,'S11350209',0,0,0,''),(3097,60,'S11350210',0,0,1,''),(3098,60,'S11350219',0,0,0,''),(3099,60,'S11350307',0,0,0,''),(3100,59,'S11350101',0,0,0,''),(3101,59,'S11350105',0,0,1,''),(3102,59,'S11350110',0,0,2,''),(3103,59,'S11350117',0,0,2,''),(3104,59,'S11350119',0,0,0,''),(3105,59,'S11350124',0,0,1,''),(3106,59,'S11350126',0,0,0,''),(3107,59,'S11350132',0,0,2,''),(3108,59,'S11350137',0,0,0,''),(3109,59,'S11350205',0,0,1,''),(3110,59,'S11350207',0,0,0,''),(3111,59,'S11350208',0,0,3,''),(3112,59,'S11350209',0,0,0,''),(3113,59,'S11350214',0,0,0,''),(3114,59,'S11350218',1,0,0,''),(3115,59,'S11350219',0,0,1,''),(3116,59,'S11350221',0,0,2,''),(3117,59,'S11350222',0,0,1,''),(3118,59,'S11350235',0,0,0,''),(3119,59,'S11350236',0,0,0,''),(3120,59,'S11350247',0,0,0,''),(3121,59,'S11350307',0,0,0,''),(3122,59,'S11350312',0,0,2,''),(3123,59,'S11350314',0,0,1,''),(3124,59,'S11350321',0,0,0,''),(3125,52,'S11350122',0,0,3,''),(3126,52,'S11350132',0,0,0,''),(3127,52,'S11350150',0,0,4,''),(3128,52,'S11350207',0,0,2,''),(3129,52,'S11350212',0,0,0,''),(3130,52,'S11350221',0,0,1,''),(3131,52,'S11350241',0,0,0,''),(3132,52,'S11350305',0,0,4,''),(3133,52,'S11350307',0,0,1,''),(3134,52,'S11350308',0,0,0,''),(3135,52,'S11350310',0,0,2,''),(3136,52,'S11350316',0,0,4,''),(3137,52,'S11350319',0,0,0,''),(3138,52,'S11350320',0,0,3,''),(3139,52,'S11350323',0,0,3,''),(3140,52,'S11350326',0,0,1,''),(3141,52,'S11350705',0,0,0,''),(3142,55,'S11350102',0,0,0,''),(3143,55,'S11350121',0,0,1,''),(3144,55,'S11350124',0,0,1,''),(3145,55,'S11350132',0,0,0,''),(3146,55,'S11350214',0,0,0,''),(3147,55,'S11350241',0,0,0,''),(3148,55,'S11350305',0,0,1,''),(3149,55,'S11350307',0,0,0,''),(3150,55,'S11350323',0,0,2,''),(3151,55,'S11350339',0,0,0,''),(3152,55,'S11350347',0,0,0,''),(3153,58,'S11350101',0,0,0,''),(3154,58,'S11350102',0,0,2,''),(3155,58,'S11350121',0,0,3,''),(3156,58,'S11350302',1,1,0,''),(3157,58,'S11350303',1,1,0,''),(3158,54,'S11350201',0,0,0,''),(3159,54,'S11350208',0,0,0,''),(3160,54,'S11350213',0,0,0,''),(3161,54,'S11350217',0,0,0,''),(3162,54,'S11350305',0,0,0,''),(3163,54,'S11350308',0,0,0,''),(3164,54,'S11350310',0,0,2,''),(3165,54,'S11350316',0,0,3,''),(3166,54,'S11350318',0,0,0,''),(3167,54,'S11350319',0,0,0,''),(3168,54,'S11350320',0,0,0,''),(3169,42,'S11350302',0,0,1,''),(3170,42,'S11350303',0,0,2,''),(3171,42,'S11350310',0,0,2,''),(3172,42,'S11350316',0,0,2,''),(3173,42,'S11350334',0,0,2,''),(3174,39,'S11350205',0,0,0,''),(3175,39,'S11350302',0,0,0,''),(3176,39,'S11350303',0,0,2,''),(3177,39,'S11350310',0,0,4,''),(3178,39,'S11350316',0,0,4,''),(3179,39,'S11350329',0,0,3,''),(3180,39,'S11350334',0,0,3,''),(3181,38,'S11350124',0,0,1,''),(3182,38,'S11350241',0,0,0,''),(3183,38,'S11350303',0,0,2,''),(3184,38,'S11350308',0,0,2,''),(3185,38,'S11350310',0,0,3,''),(3186,38,'S11350319',0,0,3,''),(3187,38,'S11350334',0,0,2,''),(3188,35,'S11350143',0,0,0,''),(3189,56,'S12350141',0,0,0,''),(3190,56,'S12350144',0,0,0,''),(3191,56,'S12350215',0,0,0,''),(3192,56,'S12350222',0,0,0,''),(3193,56,'S12350229',0,0,2,''),(3194,56,'S12350243',0,0,0,''),(3195,56,'S12350325',0,0,2,''),(3196,52,'S12350209',0,0,0,''),(3197,52,'S12350212',0,0,0,''),(3198,52,'S12350219',0,0,1,''),(3199,52,'S12350241',0,0,1,''),(3200,52,'S12350243',0,0,0,''),(3201,52,'S12350302',0,0,1,''),(3202,55,'S12350302',0,0,1,''),(3203,54,'S12350219',0,0,0,''),(3204,54,'S12350302',0,0,0,''),(3205,64,'S08110137',0,0,0,''),(3206,64,'S08521248',0,0,2,''),(3207,64,'S09350138',0,0,1,''),(3208,64,'S09350257',0,0,1,''),(3209,64,'S09350352',0,0,1,''),(3210,64,'S10350130',0,0,0,''),(3211,64,'S10350201',0,0,2,''),(3212,64,'S10350202',0,0,3,''),(3213,64,'S10350208',0,0,2,''),(3214,64,'S10350209',0,0,1,''),(3215,64,'S10350225',0,0,2,''),(3216,64,'S10350230',0,0,2,''),(3217,64,'S10350234',0,0,2,''),(3218,64,'S10350236',0,0,1,''),(3219,64,'S10350237',0,0,0,''),(3220,64,'S10350249',0,0,2,''),(3221,64,'S10350308',0,0,1,''),(3222,64,'S10350310',0,0,1,''),(3223,64,'S10350311',0,0,1,''),(3224,64,'S10350320',1,0,0,''),(3225,64,'S10350323',0,0,0,''),(3226,64,'S10350332',0,0,0,''),(3227,64,'S10350334',0,0,1,''),(3228,64,'S10350337',0,0,0,''),(3229,64,'S10350340',0,0,0,''),(3230,64,'S10350345',0,0,1,''),(3231,64,'S10350705',0,0,0,''),(3232,64,'S10350710',1,0,0,''),(3233,64,'S10410332',0,0,2,''),(3234,64,'S10750049',0,0,1,''),(3235,64,'S11350119',0,0,1,''),(3236,64,'S11350228',0,0,0,''),(3237,65,'S08110137',0,0,0,''),(3238,65,'S09350120',0,0,2,''),(3239,65,'S09350138',0,0,0,''),(3240,65,'S09350257',0,0,1,''),(3241,65,'S09350336',0,0,3,''),(3242,65,'S09350353',1,0,0,''),(3243,65,'S10350110',0,0,0,''),(3244,65,'S10350125',0,0,1,''),(3245,65,'S10350130',0,0,0,''),(3246,65,'S10350131',0,0,2,''),(3247,65,'S10350132',0,0,0,''),(3248,65,'S10350149',0,0,2,''),(3249,65,'S10350151',0,0,0,''),(3250,65,'S10350152',0,0,0,''),(3251,65,'S10350157',0,0,1,''),(3252,65,'S10350158',0,0,2,''),(3253,65,'S10350202',0,0,1,''),(3254,65,'S10350214',0,0,0,''),(3255,65,'S10350222',0,0,1,''),(3256,65,'S10350233',0,0,2,''),(3257,65,'S10350237',0,0,1,''),(3258,65,'S10350238',0,0,1,''),(3259,65,'S10350301',0,0,1,''),(3260,65,'S10350320',0,0,0,''),(3261,65,'S10350329',0,0,2,''),(3262,65,'S10350337',0,0,0,''),(3263,65,'S10350341',1,0,0,''),(3264,65,'S10920015',0,0,0,''),(3265,65,'S11240016',0,0,0,''),(3266,65,'S11350104',0,0,1,''),(3267,65,'S11350110',0,0,2,''),(3268,65,'S11350113',0,0,0,''),(3269,65,'S11350132',0,0,3,''),(3270,65,'S11350137',0,0,2,''),(3271,65,'S11350150',0,0,3,''),(3272,65,'S11350158',0,0,1,''),(3273,65,'S11350207',0,0,2,''),(3274,65,'S11350209',0,0,0,''),(3275,65,'S11350212',0,0,1,''),(3276,65,'S11350219',0,0,0,''),(3277,65,'S11350232',0,0,0,''),(3278,65,'S11350233',0,0,1,''),(3279,65,'S11350236',0,0,0,''),(3280,65,'S11350239',0,0,0,''),(3281,65,'S11350241',0,0,1,''),(3282,65,'S11350317',0,0,2,''),(3283,65,'S11350327',0,0,2,''),(3284,65,'S11350331',0,0,0,''),(3285,65,'S11350338',0,0,1,''),(3286,65,'S11350705',0,0,0,''),(3287,65,'S12350219',0,0,3,''),(3288,65,'S12350231',0,0,2,''),(3289,65,'S13350125',0,0,3,''),(3290,65,'S13350322',0,0,3,''),(3291,66,'S08353016',0,0,1,''),(3292,66,'S08521248',0,0,1,''),(3293,66,'S09330121',0,0,0,''),(3294,66,'S09350107',0,0,3,''),(3295,66,'S09350138',0,0,0,''),(3296,66,'S09350257',0,0,1,''),(3297,66,'S09350336',0,0,0,''),(3298,66,'S09350352',0,0,0,''),(3299,66,'S09350353',0,0,0,''),(3300,66,'S09350807',0,0,2,''),(3301,66,'S10350141',0,0,0,''),(3302,66,'S10350148',0,0,0,''),(3303,66,'S10350157',0,0,1,''),(3304,66,'S10350201',0,0,0,''),(3305,66,'S10350202',0,0,0,''),(3306,66,'S10350209',0,0,0,''),(3307,66,'S10350213',0,0,3,''),(3308,66,'S10350225',0,0,1,''),(3309,66,'S10350228',0,0,2,''),(3310,66,'S10350230',0,0,0,''),(3311,66,'S10350234',0,0,0,''),(3312,66,'S10350236',0,0,0,''),(3313,66,'S10350237',0,0,0,''),(3314,66,'S10350249',0,0,1,''),(3315,66,'S10350304',0,0,1,''),(3316,66,'S10350306',0,0,0,''),(3317,66,'S10350308',0,0,0,''),(3318,66,'S10350310',0,0,0,''),(3319,66,'S10350322',0,0,2,''),(3320,66,'S10350323',0,0,0,''),(3321,66,'S10350329',0,0,0,''),(3322,66,'S10350334',0,0,1,''),(3323,66,'S10350337',0,0,1,''),(3324,66,'S10350341',0,0,0,''),(3325,66,'S10350345',0,0,0,''),(3326,66,'S10350346',0,0,2,''),(3327,66,'S10410332',0,0,1,''),(3328,66,'S10750049',0,0,1,''),(3329,66,'S11350167',0,0,0,''),(3330,66,'S11350209',0,0,1,''),(3331,66,'S11350210',0,0,2,''),(3392,67,'S10350329',0,0,0,''),(3393,67,'S08353016',0,0,0,''),(3394,67,'S08521248',0,0,0,''),(3395,67,'S09130023',0,0,2,''),(3396,67,'S09210057',0,0,2,''),(3397,67,'S09350244',0,0,2,''),(3398,67,'S09350336',0,0,0,''),(3399,67,'S09350352',0,0,0,''),(3400,67,'S10350112',0,0,1,''),(3401,67,'S10350201',0,0,0,''),(3402,67,'S10350202',0,0,0,''),(3403,67,'S10350208',0,0,0,''),(3404,67,'S10350209',0,0,0,''),(3405,67,'S10350213',0,0,0,''),(3406,67,'S10350222',0,0,0,''),(3407,67,'S10350225',0,0,0,''),(3408,67,'S10350233',0,0,0,''),(3409,67,'S10350236',0,0,0,''),(3410,67,'S10350237',0,0,0,''),(3411,67,'S10350247',0,0,1,''),(3412,67,'S10350311',0,0,0,''),(3413,67,'S10350322',0,0,1,''),(3414,67,'S10350334',0,0,0,''),(3415,67,'S10350337',0,0,0,''),(3416,67,'S10350339',0,0,2,''),(3417,67,'S10350345',0,0,0,''),(3418,67,'S10522033',0,0,0,''),(3419,67,'S10920015',0,0,0,''),(3420,67,'S11350351',0,0,0,''),(3421,67,'S11350118',0,0,0,''),(3422,67,'S11350126',0,0,0,''),(3423,67,'S11350130',0,0,0,''),(3424,67,'S11350132',0,0,2,''),(3425,67,'S11350202',0,0,0,''),(3426,67,'S11350205',0,0,1,''),(3427,67,'S11350207',0,0,0,''),(3428,67,'S11350209',0,0,0,''),(3429,67,'S11350212',0,0,0,''),(3430,67,'S11350244',0,0,0,''),(3431,67,'S11350303',0,0,1,''),(3432,67,'S11350310',0,0,2,''),(3433,67,'S11350314',0,0,3,''),(3434,67,'S11350317',0,0,0,''),(3435,67,'S11350319',0,0,2,''),(3436,67,'S11350322',0,0,0,''),(3437,67,'S11350338',0,0,0,''),(3438,67,'S11350339',0,0,2,''),(3439,67,'S11350705',0,0,0,''),(3440,67,'S12350107',0,0,0,''),(3441,67,'S12350125',0,0,0,''),(3442,67,'S12350202',0,0,0,''),(3443,67,'S12350212',0,0,0,''),(3444,67,'S12350227',0,0,3,''),(3445,67,'S12350243',0,0,0,''),(3446,67,'S12350315',0,0,2,''),(3447,67,'S12350316',0,0,0,'');
/*!40000 ALTER TABLE `ExamAttendance` ENABLE KEYS */;
UNLOCK TABLES;

--
-- Table structure for table `ExamSessions`
--

DROP TABLE IF EXISTS `ExamSessions`;
/*!40101 SET @saved_cs_client     = @@character_set_client */;
/*!50503 SET character_set_client = utf8mb4 */;
CREATE TABLE `ExamSessions` (
  `SN` int NOT NULL AUTO_INCREMENT,
  `ExamDate` date NOT NULL,
  `ExamType` enum('官辦','自辦') NOT NULL,
  `Notes` varchar(255) DEFAULT NULL,
  PRIMARY KEY (`SN`),
  UNIQUE KEY `unique_exam` (`ExamDate`,`ExamType`)
) ENGINE=InnoDB AUTO_INCREMENT=79 DEFAULT CHARSET=utf8mb4 COLLATE=utf8mb4_0900_ai_ci;
/*!40101 SET character_set_client = @saved_cs_client */;

--
-- Dumping data for table `ExamSessions`
--

LOCK TABLES `ExamSessions` WRITE;
/*!40000 ALTER TABLE `ExamSessions` DISABLE KEYS */;
INSERT INTO `ExamSessions` VALUES (1,'2019-05-28','官辦',NULL),(2,'2019-09-24','官辦',NULL),(3,'2019-11-20','自辦',NULL),(4,'2019-12-17','官辦',NULL),(5,'2020-04-07','自辦',NULL),(6,'2020-04-24','自辦',NULL),(7,'2020-05-26','官辦',NULL),(8,'2020-06-09','官辦',NULL),(9,'2020-06-19','自辦',NULL),(10,'2020-07-01','自辦','暑修累計題數'),(11,'2020-08-01','自辦','暑修累計題數'),(12,'2020-09-29','自辦',NULL),(13,'2020-10-20','官辦',NULL),(14,'2020-12-01','自辦',NULL),(15,'2020-12-22','官辦',NULL),(16,'2021-03-23','官辦',NULL),(17,'2021-04-16','自辦',NULL),(18,'2021-07-01','自辦','202107自辦1(看起來是暑修)'),(19,'2021-07-02','自辦','202107自辦2(看起來是暑修)'),(20,'2021-08-01','自辦','暑修累計題數'),(21,'2022-04-01','自辦',NULL),(22,'2022-04-15','自辦',NULL),(23,'2022-04-29','自辦',NULL),(24,'2022-05-24','官辦',NULL),(25,'2022-06-01','自辦',NULL),(26,'2022-08-09','自辦',NULL),(27,'2022-08-16','自辦',NULL),(28,'2022-08-22','自辦',NULL),(29,'2022-08-23','自辦',NULL),(30,'2021-11-05','自辦',NULL),(31,'2021-12-03','自辦',NULL),(32,'2021-12-21','官辦',NULL),(33,'2022-03-22','官辦',NULL),(34,'2022-05-13','自辦',NULL),(35,'2022-10-18','官辦',NULL),(36,'2022-11-17','自辦',NULL),(37,'2022-12-01','自辦',NULL),(38,'2022-12-13','官辦',NULL),(39,'2023-03-21','官辦',NULL),(40,'2023-04-27','自辦',NULL),(41,'2023-05-11','自辦',NULL),(42,'2023-05-23','官辦',NULL),(43,'2023-07-18','自辦',NULL),(44,'2023-07-20','自辦',NULL),(45,'2023-07-25','自辦',NULL),(46,'2023-07-27','自辦',NULL),(47,'2023-08-21','自辦',NULL),(48,'2023-08-22','自辦',NULL),(49,'2023-08-23','自辦',NULL),(50,'2023-08-24','自辦',NULL),(51,'2023-11-03','自辦',NULL),(52,'2024-04-23','官辦',NULL),(53,'2021-10-19','官辦',NULL),(54,'2023-10-17','官辦',NULL),(55,'2023-12-12','官辦',NULL),(56,'2024-05-21','官辦',NULL),(57,'2024-07-17','自辦',NULL),(58,'2023-11-24','自辦',NULL),(59,'2024-04-26','自辦',NULL),(60,'2024-05-10','自辦',NULL),(61,'2024-07-18','自辦',NULL),(62,'2024-07-16','自辦',NULL),(63,'2024-07-15','自辦',NULL),(64,'2025-01-06','自辦',NULL),(65,'2024-12-10','官辦',NULL),(66,'2024-11-15','自辦',NULL),(67,'2024-10-15','官辦',NULL);
/*!40000 ALTER TABLE `ExamSessions` ENABLE KEYS */;
UNLOCK TABLES;

--
-- Table structure for table `ScholarshipRecord`
--

DROP TABLE IF EXISTS `ScholarshipRecord`;
/*!40101 SET @saved_cs_client     = @@character_set_client */;
/*!50503 SET character_set_client = utf8mb4 */;
CREATE TABLE `ScholarshipRecord` (
  `StudentID` varchar(20) NOT NULL,
  `CorrectAnswersCount` int NOT NULL,
  `ReceivedDate` date NOT NULL,
  `Notes` varchar(255) DEFAULT NULL,
  `ScholarshipAmount` int NOT NULL DEFAULT '0' COMMENT '獎學金金額（單位：元）',
  PRIMARY KEY (`StudentID`),
  CONSTRAINT `ScholarshipRecord_ibfk_1` FOREIGN KEY (`StudentID`) REFERENCES `StudentInfo` (`StudentID`) ON DELETE CASCADE
) ENGINE=InnoDB DEFAULT CHARSET=utf8mb4 COLLATE=utf8mb4_0900_ai_ci;
/*!40101 SET character_set_client = @saved_cs_client */;

--
-- Dumping data for table `ScholarshipRecord`
--

LOCK TABLES `ScholarshipRecord` WRITE;
/*!40000 ALTER TABLE `ScholarshipRecord` DISABLE KEYS */;
/*!40000 ALTER TABLE `ScholarshipRecord` ENABLE KEYS */;
UNLOCK TABLES;

--
-- Table structure for table `StudentAttributes`
--

DROP TABLE IF EXISTS `StudentAttributes`;
/*!40101 SET @saved_cs_client     = @@character_set_client */;
/*!50503 SET character_set_client = utf8mb4 */;
CREATE TABLE `StudentAttributes` (
  `SN` int NOT NULL AUTO_INCREMENT,
  `Attribute` varchar(50) NOT NULL,
  `Notes` varchar(255) DEFAULT NULL,
  PRIMARY KEY (`SN`)
) ENGINE=InnoDB AUTO_INCREMENT=4 DEFAULT CHARSET=utf8mb4 COLLATE=utf8mb4_0900_ai_ci;
/*!40101 SET character_set_client = @saved_cs_client */;

--
-- Dumping data for table `StudentAttributes`
--

LOCK TABLES `StudentAttributes` WRITE;
/*!40000 ALTER TABLE `StudentAttributes` DISABLE KEYS */;
INSERT INTO `StudentAttributes` VALUES (1,'本系',NULL),(2,'外系',NULL),(3,'外校',NULL);
/*!40000 ALTER TABLE `StudentAttributes` ENABLE KEYS */;
UNLOCK TABLES;

--
-- Table structure for table `StudentInfo`
--

DROP TABLE IF EXISTS `StudentInfo`;
/*!40101 SET @saved_cs_client     = @@character_set_client */;
/*!50503 SET character_set_client = utf8mb4 */;
CREATE TABLE `StudentInfo` (
  `StudentID` varchar(20) NOT NULL,
  `Name` varchar(50) NOT NULL,
  `EnrollmentStatus_SN` int DEFAULT NULL,
  `StudentAttribute_SN` int DEFAULT NULL,
  `IsPassed` tinyint(1) DEFAULT '0',
  `PassingCriteria` varchar(255) DEFAULT NULL,
  `Notes` varchar(255) DEFAULT NULL,
  PRIMARY KEY (`StudentID`),
  KEY `EnrollmentStatus_SN` (`EnrollmentStatus_SN`),
  KEY `StudentAttribute_SN` (`StudentAttribute_SN`),
  CONSTRAINT `StudentInfo_ibfk_1` FOREIGN KEY (`EnrollmentStatus_SN`) REFERENCES `EnrollmentStatus` (`SN`),
  CONSTRAINT `StudentInfo_ibfk_2` FOREIGN KEY (`StudentAttribute_SN`) REFERENCES `StudentAttributes` (`SN`)
) ENGINE=InnoDB DEFAULT CHARSET=utf8mb4 COLLATE=utf8mb4_0900_ai_ci;
/*!40101 SET character_set_client = @saved_cs_client */;

--
-- Dumping data for table `StudentInfo`
--

LOCK TABLES `StudentInfo` WRITE;
/*!40000 ALTER TABLE `StudentInfo` DISABLE KEYS */;
INSERT INTO `StudentInfo` VALUES ('G09358002','黃偉杰',1,1,1,'一次兩題',NULL),('OU1090059','陳思宇',1,3,0,NULL,NULL),('OU1120007','洪瑄珮',1,3,0,NULL,NULL),('S04410377','肖妮菲',1,2,1,'一次兩題且累計3題',NULL),('S05190025','莫傑宇',1,2,1,'一次兩題且累計3題',NULL),('S05212028','黃正群',2,2,0,NULL,NULL),('S05240040','王資華',1,2,1,'一次兩題且累計3題',NULL),('S05240042','余沛峰',1,1,0,NULL,NULL),('S05310162','張子威',1,2,1,'一次兩題且累計3題',NULL),('S05310233','江仁傑',1,2,0,NULL,NULL),('S05351006','張庭瑋',1,1,1,'累計3題',NULL),('S05351007','洪炘宜',1,1,1,'一次兩題且累計3題',NULL),('S05351011','鄭鈺城',1,1,0,NULL,NULL),('S05351013','李芝霖',1,1,0,NULL,NULL),('S05351014','王宣捷',1,1,1,'累計3題',NULL),('S05351015','鄧順鴻',1,1,1,'一次兩題',NULL),('S05351017','陳彥翔',1,1,1,'一次兩題且累計3題',NULL),('S05351018','張瑋瑄',1,1,0,NULL,NULL),('S05351020','池元祥',1,1,1,'一次兩題且累計3題',NULL),('S05351021','古乙程',1,1,1,'一次兩題且累計3題',NULL),('S05351022','黃柏熏',1,1,1,'一次兩題且累計3題',NULL),('S05351024','顧為程',1,1,1,'累計3題',NULL),('S05351025','蔡錫寬',1,1,0,NULL,NULL),('S05351026','李坤倫',1,1,1,'一次兩題且累計3題',NULL),('S05351027','邱柏文',1,1,1,'一次兩題且累計3題',NULL),('S05351029','陳威丞',1,1,1,'一次兩題',NULL),('S05351032','黃　韋',1,1,0,NULL,NULL),('S05351033','鄭嘉元',1,1,0,NULL,NULL),('S05351034','吳竺嶧',1,1,1,'一次兩題且累計3題',NULL),('S05351035','郭廷宇',1,1,0,NULL,NULL),('S05351036','顏宏翰',1,1,1,'一次兩題且累計3題',NULL),('S05351037','林靖為',1,1,1,'一次兩題',NULL),('S05351038','林子烜',1,1,0,NULL,NULL),('S05351039','歐宇傑',1,1,1,'一次兩題且累計3題',NULL),('S05351040','陳俞瑄',1,1,0,NULL,NULL),('S05351041','林源培',1,1,1,'一次兩題',NULL),('S05351042','陳志賢',1,1,1,'一次兩題且累計3題',NULL),('S05351044','謝狄烽',1,1,1,'一次兩題且累計3題',NULL),('S05351045','黃博鈞',1,1,1,'累計3題',NULL),('S05351049','張　帆',1,1,1,'累計3題',NULL),('S05351050','張家瑋',1,1,1,'一次兩題',NULL),('S05351052','陳玫均',1,1,1,'一次兩題且累計3題',NULL),('S05351053','楊佳豪',1,1,0,NULL,NULL),('S05351055','黃佳媛',1,1,1,'累計3題',NULL),('S05351056','吳英豪',3,1,0,NULL,NULL),('S05351057','陳荐丞',3,1,0,NULL,NULL),('S05351058','林沛廷',1,1,1,'一次兩題',NULL),('S05352001','張廷夆',1,1,1,'一次兩題',NULL),('S05352003','歐軒佑',1,1,1,'一次兩題且累計3題',NULL),('S05352004','梁維鈞',1,1,1,'一次兩題且累計3題',NULL),('S05352005','李慕全',1,1,0,NULL,NULL),('S05352007','陳鈺燻',1,1,1,'一次兩題',NULL),('S05352008','蕭宇馨',1,1,1,'一次兩題',NULL),('S05352012','江喬軒',1,1,0,NULL,NULL),('S05352014','鄧雅心',1,1,0,NULL,NULL),('S05352016','張涵婷',1,1,1,'一次兩題且累計3題',NULL),('S05352017','彭文藝',1,1,1,'一次兩題',NULL),('S05352018','葉乃瑄',1,1,1,'一次兩題且累計3題',NULL),('S05352019','叢伯蘭',1,1,0,NULL,NULL),('S05352020','馬順哲',1,1,0,NULL,NULL),('S05352021','施渝文',1,1,0,NULL,NULL),('S05352022','鍾其宏',1,1,0,NULL,NULL),('S05352023','劉佩宣',1,1,1,'一次兩題且累計3題',NULL),('S05352025','丁品甄',1,1,0,NULL,NULL),('S05352026','石皖宜',1,1,0,NULL,NULL),('S05352028','唐妙芬',1,1,1,'一次兩題',NULL),('S05352030','藍勇舜',1,1,0,NULL,NULL),('S05352031','許筱芸',1,1,1,'累計3題',NULL),('S05352032','黃群琳',1,1,1,'一次兩題且累計3題',NULL),('S05352036','李天朗',1,1,1,'一次兩題且累計3題',NULL),('S05352037','朱涵宇',1,1,1,'一次兩題且累計3題',NULL),('S05352038','賴全恩',1,1,1,'一次兩題且累計3題',NULL),('S05352039','何煥然',1,1,1,'一次兩題',NULL),('S05352040','廖婉婷',1,1,1,'一次兩題且累計3題',NULL),('S05352041','張顥騫',1,1,1,'一次兩題且累計3題',NULL),('S05352042','賴家薇',1,1,1,'一次兩題',NULL),('S05352043','王晨博',1,1,1,'一次兩題且累計3題',NULL),('S05353001','張翔淨',1,1,1,'一次兩題',NULL),('S05353004','廖翰國',1,1,1,'一次兩題且累計3題',NULL),('S05353005','蔡弘軒',1,1,1,'一次兩題且累計3題',NULL),('S05353006','葉汝玉',1,1,0,NULL,NULL),('S05353007','簡振宇',1,1,1,'累計3題',NULL),('S05353008','陳人華',1,1,1,'一次兩題且累計3題',NULL),('S05353009','翁鼎傑',1,1,0,NULL,NULL),('S05353012','王宣中',1,1,0,NULL,NULL),('S05353014','黃薏安',1,1,1,'累計3題',NULL),('S05353015','盧嵂祥',1,1,0,NULL,NULL),('S05353016','陳冠宇',1,1,0,NULL,NULL),('S05353017','邱　薇',1,1,1,'一次兩題',NULL),('S05353018','劉嘉元',1,1,1,'一次兩題',NULL),('S05353019','林蔚鐘',1,1,1,'一次兩題且累計3題',NULL),('S05353020','張家耀',1,1,0,NULL,NULL),('S05353021','戴誠漢',1,1,1,'一次兩題',NULL),('S05353022','劉明翰',1,1,1,'一次兩題且累計3題',NULL),('S05353025','梁信捷',1,1,0,NULL,NULL),('S05353026','張晁誌',1,1,0,NULL,NULL),('S05353027','陳昱廷',1,1,0,NULL,NULL),('S05353028','顏啟安',1,1,0,NULL,NULL),('S05353029','賴柏瑜',1,1,1,'累計3題',NULL),('S05353031','謝曜宏',1,1,0,NULL,NULL),('S05353032','林沴育',1,1,0,NULL,NULL),('S05353033','楊淙崴',1,1,1,'一次兩題且累計3題',NULL),('S05353035','吳珮慈',1,1,1,'累計3題',NULL),('S05353037','許資汯',1,1,1,'一次兩題且累計3題',NULL),('S05353038','房昱丞',1,1,1,'一次兩題且累計3題',NULL),('S05353039','高健瑋',1,1,0,NULL,NULL),('S05353040','黃彥羲',1,1,0,NULL,NULL),('S05353041','莊雅卉',1,1,1,'累計3題',NULL),('S05353042','李彥錡',3,1,0,NULL,NULL),('S05353043','江晉廷',1,1,0,NULL,NULL),('S05353045','陳彥儒',1,1,1,'一次兩題且累計3題',NULL),('S05353046','羅巧穎',1,1,1,'一次兩題',NULL),('S05353048','陳家俊',1,1,0,NULL,NULL),('S05353050','習　梅',3,1,0,NULL,NULL),('S05353051','邱金妮',1,1,0,NULL,NULL),('S05353055','許一奇',1,1,1,'累計3題',NULL),('S05353057','王信傑',3,1,0,NULL,NULL),('S05353058','蕭宇順',1,1,1,'一次兩題且累計3題',NULL),('S05353059','李允寧',3,1,0,NULL,NULL),('S05353060','林子敬',1,1,0,NULL,NULL),('S05353061','孫睿菡',1,1,1,'一次兩題且累計3題',NULL),('S05353063','余奕昕',1,1,1,'一次兩題且累計3題',NULL),('S05730040','陳澤茗',1,2,1,'一次兩題',NULL),('S05920027','郭庭豪',3,1,0,NULL,NULL),('S06190010','范姜琳沁',3,2,0,NULL,NULL),('S06210005','葉政宏',1,2,1,'一次兩題',NULL),('S06210037','文　彥',1,2,1,'一次兩題',NULL),('S06210045','王瑞熙',1,2,1,'一次兩題且累計3題',NULL),('S06232014','吳明儒',1,2,0,NULL,NULL),('S06240037','趙國宏',1,2,1,'累計3題',NULL),('S06310146','蔡承宇',1,2,1,'一次兩題且累計3題',NULL),('S06351003','蕭亦馨',1,1,1,'一次兩題',NULL),('S06351004','呂紹鵬',3,1,0,NULL,NULL),('S06351005','廖家辰',1,1,1,'一次兩題',NULL),('S06351006','李承儒',1,1,1,'一次兩題且累計3題',NULL),('S06351007','廖祐筠',1,1,1,'一次兩題',NULL),('S06351008','鐘晨心',1,1,1,'一次兩題且累計3題',NULL),('S06351009','王湘綾',1,1,1,'一次兩題且累計3題',NULL),('S06351010','鄭博仁',1,1,1,'一次兩題且累計3題',NULL),('S06351011','陳彥銘',1,1,0,NULL,NULL),('S06351013','林稚翔',1,1,1,'累計3題',NULL),('S06351014','陳韋誠',1,1,1,'一次兩題',NULL),('S06351015','李宜德',1,1,1,'一次兩題',NULL),('S06351016','陳嘉濬',1,1,1,'一次兩題且累計3題',NULL),('S06351018','余守恆',1,1,1,'一次兩題且累計3題',NULL),('S06351019','邱梓榳',1,1,0,NULL,NULL),('S06351020','潘均叡',1,1,0,NULL,NULL),('S06351021','黃子軒',1,1,1,'累計3題',NULL),('S06351022','袁小涵',1,1,1,'累計3題',NULL),('S06351023','陳俊廷',1,1,1,'一次兩題',NULL),('S06351024','蕭文斌',1,1,1,'累計3題',NULL),('S06351025','張植鈞',1,1,1,'一次兩題且累計3題',NULL),('S06351026','張凱翔',1,1,1,'一次兩題',NULL),('S06351027','溫志剛',1,1,1,'一次兩題',NULL),('S06351028','廖宥瑜',1,1,0,NULL,NULL),('S06351029','徐茂棋',3,1,0,NULL,NULL),('S06351030','周永東',1,1,1,'一次兩題且累計3題',NULL),('S06351031','王子恆',1,1,1,'一次兩題',NULL),('S06351032','黃明凱',1,1,0,NULL,NULL),('S06351034','柯凱藝',1,1,1,'一次兩題且累計3題',NULL),('S06351035','王晏彬',1,1,1,'一次兩題且累計3題',NULL),('S06351036','陳信杰',1,1,1,'一次兩題且累計3題',NULL),('S06351039','杜紀成',1,1,1,'一次兩題且累計3題',NULL),('S06351040','黃云凡',1,1,1,'累計3題',NULL),('S06351041','鍾旻臻',1,1,1,'一次兩題且累計3題',NULL),('S06351042','林祐生',1,1,1,'一次兩題',NULL),('S06351043','吳道正',1,1,1,'一次兩題且累計3題',NULL),('S06351044','林彥呈',1,1,1,'累計3題',NULL),('S06351045','梁博鈞',1,1,1,'累計3題',NULL),('S06351047','陳瑞言',1,1,0,NULL,NULL),('S06351048','俞正楠',1,1,1,'一次兩題',NULL),('S06351049','潘宣儒',1,1,0,NULL,NULL),('S06351050','莊柏晏',1,1,0,NULL,NULL),('S06351051','連愷昱',1,1,0,NULL,NULL),('S06352001','劉昌叡',1,1,1,'一次兩題且累計3題',NULL),('S06352002','許立盟',1,1,1,'累計3題',NULL),('S06352003','鄭琮潔',1,1,1,'一次兩題',NULL),('S06352004','陳冠穎',1,1,1,'一次兩題且累計3題',NULL),('S06352005','謝天祥',1,1,0,NULL,NULL),('S06352006','張鈞揚',1,1,1,'累計3題',NULL),('S06352007','丁嘉玟',1,1,1,'一次兩題且累計3題',NULL),('S06352008','劉柏廷',1,1,1,'一次兩題',NULL),('S06352009','林晢?',1,1,0,NULL,NULL),('S06352010','曾宗樂',1,1,1,'一次兩題且累計3題',NULL),('S06352011','羅崧祐',1,1,0,NULL,NULL),('S06352012','吳欣惠',1,1,0,NULL,NULL),('S06352013','葉馨慈',1,1,1,'一次兩題且累計3題',NULL),('S06352014','徐浡淳',1,1,1,'累計3題',NULL),('S06352015','曾學甫',1,1,1,'累計3題',NULL),('S06352016','廖子傑',3,1,0,NULL,NULL),('S06352017','蔡珮瑜',1,1,1,'一次兩題且累計3題',NULL),('S06352018','賴柏穎',1,1,1,'一次兩題',NULL),('S06352019','張庭瑜',1,1,1,'累計3題',NULL),('S06352021','莊文瑜',1,1,1,'一次兩題',NULL),('S06352022','陳冠維',1,1,0,NULL,NULL),('S06352023','謝昀辰',1,1,0,NULL,NULL),('S06352025','馮琬淇',1,1,1,'一次兩題且累計3題',NULL),('S06352026','李佩庭',1,1,1,'一次兩題且累計3題',NULL),('S06352027','陳薏婷',1,1,1,'一次兩題且累計3題',NULL),('S06352028','陳秉蔚',3,1,0,NULL,NULL),('S06352029','陳慶帆',1,1,1,'一次兩題且累計3題',NULL),('S06352030','曾子倫',2,1,0,NULL,NULL),('S06352031','董映彤',1,1,1,'一次兩題且累計3題',NULL),('S06352032','賴俊佑',1,1,1,'一次兩題',NULL),('S06352033','陳偉漢',1,1,1,'一次兩題',NULL),('S06352034','關振耀',1,1,0,NULL,NULL),('S06352038','黃一洋',1,1,1,'一次兩題且累計3題',NULL),('S06352039','陳慶洋',1,1,1,'一次兩題',NULL),('S06352040','陳昇隆',1,1,1,'一次兩題且累計3題',NULL),('S06352042','趙維謙',1,1,1,'一次兩題且累計3題',NULL),('S06353001','姚震威',1,1,1,'一次兩題且累計3題',NULL),('S06353003','楊博皓',1,1,0,NULL,NULL),('S06353005','邱創彥',1,1,0,NULL,NULL),('S06353006','胡創治',1,1,1,'一次兩題',NULL),('S06353007','王翰強',1,1,1,'一次兩題',NULL),('S06353008','劉羿伶',3,1,0,NULL,NULL),('S06353010','陳劭奇',1,1,1,'一次兩題且累計3題',NULL),('S06353011','林劭峻',1,1,1,'一次兩題且累計3題',NULL),('S06353012','沈學盟',1,1,1,'一次兩題且累計3題',NULL),('S06353014','余佩樺',1,1,1,'一次兩題且累計3題',NULL),('S06353015','柳登偉',1,1,1,'一次兩題且累計3題',NULL),('S06353016','許柏浤',1,1,1,'一次兩題',NULL),('S06353019','蔡佳怡',1,1,1,'一次兩題且累計3題',NULL),('S06353020','黃凱誠',1,1,1,'累計3題',NULL),('S06353021','黃品羲',1,1,1,'一次兩題',NULL),('S06353022','呂思瑩',1,1,1,'一次兩題',NULL),('S06353023','閻昱翔',1,1,1,'一次兩題',NULL),('S06353024','何祖傑',1,1,1,'累計3題',NULL),('S06353025','梁絜茵',1,1,1,'一次兩題',NULL),('S06353026','蔡明倫',1,1,0,NULL,NULL),('S06353029','張禕寧',1,1,1,'累計3題',NULL),('S06353031','莊棠宇',1,1,1,'一次兩題且累計3題',NULL),('S06353032','王貞智',1,1,1,'一次兩題',NULL),('S06353033','黃偲絜',1,1,1,'一次兩題且累計3題',NULL),('S06353034','楊東翰',3,1,0,NULL,NULL),('S06353035','廖祥芸',1,1,0,NULL,NULL),('S06353036','劉立萱',1,1,1,'一次兩題且累計3題',NULL),('S06353038','楊聖逵',1,1,0,NULL,NULL),('S06353039','余祐成',1,1,1,'一次兩題',NULL),('S06353040','陳宇翔',1,1,1,'一次兩題且累計3題',NULL),('S06353041','黃煒甯',1,1,1,'一次兩題',NULL),('S06353043','吳尚潔',1,1,1,'一次兩題且累計3題',NULL),('S06353044','朱育瑩',1,1,1,'一次兩題',NULL),('S06353050','王璐妍',1,1,1,'一次兩題',NULL),('S06353051','林鈺烜',1,1,1,'一次兩題且累計3題',NULL),('S06353052','林柏瀚',1,1,1,'累計3題',NULL),('S06353053','徐瑞亨',3,1,0,NULL,NULL),('S06353054','江東諭',1,1,0,NULL,NULL),('S06353055','梁家泓',1,1,1,'累計3題',NULL),('S06470121','劉政澔',3,2,0,NULL,NULL),('S06610227','范姜雲萱',1,2,1,'一次兩題且累計3題',NULL),('S06730037','范家豪',1,2,1,'一次兩題',NULL),('S06920017','黃泳心',1,2,1,'一次兩題',NULL),('S06920021','林佳萱',1,2,1,'一次兩題',NULL),('S07221043','陳小蔓',1,2,1,'一次兩題且累計3題',NULL),('S07240049','江秉澤',1,2,1,'累計3題',NULL),('S07330109','魏瑞伯',1,2,1,'一次兩題且累計3題',NULL),('S07340238','何宜芩',1,2,0,NULL,NULL),('S07351001','黃宣迪',3,1,0,NULL,NULL),('S07351002','劉軒榕',1,1,0,NULL,NULL),('S07351003','蔡博元',1,1,0,NULL,NULL),('S07351005','周玥彤',1,1,1,'累計3題',NULL),('S07351006','周品淵',1,1,1,'累計3題',NULL),('S07351007','陳泓予',1,1,1,'一次兩題',NULL),('S07351008','林奕勝',1,1,1,'一次兩題',NULL),('S07351009','高靖庭',1,1,1,'一次兩題且累計3題',NULL),('S07351011','黃偉綸',1,1,1,'一次兩題',NULL),('S07351014','吳宗勳',1,1,0,NULL,NULL),('S07351017','陳羿諠',1,1,1,'一次兩題',NULL),('S07351018','林佑融',1,1,1,'一次兩題且累計3題',NULL),('S07351020','郭帛霖',1,1,0,NULL,NULL),('S07351021','簡致霖',1,1,1,'一次兩題',NULL),('S07351022','高士唐',1,1,1,'一次兩題',NULL),('S07351024','鍾孟劭',1,1,0,NULL,NULL),('S07351025','林書緯',1,1,1,'一次兩題',NULL),('S07351026','楊于萱',1,1,1,'累計3題',NULL),('S07351027','蔡鴻圖',1,1,1,'累計3題',NULL),('S07351028','李佳叡',1,1,1,'一次兩題且累計3題',NULL),('S07351029','陳怡晴',1,1,0,NULL,NULL),('S07351030','林志平',1,1,1,'一次兩題且累計3題',NULL),('S07351031','許皓瑄',2,1,0,NULL,NULL),('S07351032','王振宇',1,1,1,'一次兩題且累計3題',NULL),('S07351033','蕭呈安',1,1,1,'一次兩題',NULL),('S07351034','林采臻',1,1,0,NULL,NULL),('S07351035','吳柏佑',1,1,1,'累計3題',NULL),('S07351036','吳孟謙',1,1,1,'一次兩題且累計3題',NULL),('S07351037','吳沛縈',1,1,1,'一次兩題',NULL),('S07351038','許祖溏',1,1,1,'一次兩題',NULL),('S07351039','李東倫',1,1,1,'一次兩題',NULL),('S07351040','楊子謙',1,1,1,'累計3題',NULL),('S07351041','林鼎軒',1,1,1,'一次兩題且累計3題',NULL),('S07351042','吳昱孟',1,1,1,'一次兩題且累計3題',NULL),('S07351043','顏薪展',1,1,1,'一次兩題且累計3題',NULL),('S07351044','劉承恩',1,1,1,'一次兩題且累計3題',NULL),('S07351045','吳姿萱',1,1,1,'累計3題',NULL),('S07351046','陳冠甫',3,1,0,NULL,NULL),('S07351047','莊硯捷',1,1,1,'一次兩題且累計3題',NULL),('S07351048','黃詣閔',1,1,1,'一次兩題且累計3題',NULL),('S07351049','梁勝承',1,1,0,NULL,NULL),('S07351050','鄭為聖',3,1,0,NULL,NULL),('S07351051','杜業斌',1,1,0,NULL,NULL),('S07351056','袁龍飛',1,1,1,'一次兩題',NULL),('S07351057','薛祐勛',1,1,1,'累計3題',NULL),('S07351059','簡義澂',1,1,1,'一次兩題且累計3題',NULL),('S07351060','吳玟翰',3,1,0,NULL,NULL),('S07351061','林尚辰',1,1,0,NULL,NULL),('S07352001','陳晏鞍',1,1,1,'一次兩題且累計3題',NULL),('S07352002','蔡仁豪',1,1,1,'一次兩題',NULL),('S07352003','林宜萱',3,1,0,NULL,NULL),('S07352005','林軒立',1,1,1,'一次兩題且累計3題',NULL),('S07352006','周奕志',1,1,1,'一次兩題',NULL),('S07352007','陳博雅',1,1,1,'累計3題',NULL),('S07352008','鍾承恩',1,1,1,'一次兩題',NULL),('S07352009','危浚宏',1,1,1,'累計3題',NULL),('S07352010','劉育丞',1,1,0,NULL,NULL),('S07352011','莊曜齊',1,1,1,'一次兩題',NULL),('S07352013','林芷均',1,1,0,NULL,NULL),('S07352014','張育慈',1,1,0,NULL,NULL),('S07352015','張幃閎',1,1,1,'累計3題',NULL),('S07352016','錡俊安',1,1,0,NULL,NULL),('S07352017','陳璽任',1,1,1,'累計3題',NULL),('S07352018','紀宇軒',1,1,1,'一次兩題且累計3題',NULL),('S07352019','吳品萱',1,1,1,'一次兩題',NULL),('S07352020','廖俞鈞',2,1,0,NULL,NULL),('S07352021','劉靖彰',1,1,0,NULL,NULL),('S07352022','陳彥豪',1,1,0,NULL,NULL),('S07352023','尤鈺靚',1,1,1,'累計3題',NULL),('S07352024','龔于涵',1,1,0,NULL,NULL),('S07352025','吳佩霖',1,1,1,'累計3題',NULL),('S07352026','楊博皓',1,1,1,'累計3題',NULL),('S07352027','張嘉哲',1,1,0,NULL,NULL),('S07352028','鄭明薇',2,1,0,NULL,NULL),('S07352029','陳品維',1,1,1,'一次兩題且累計3題',NULL),('S07352030','蔡汶妗',1,1,1,'累計3題',NULL),('S07352032','謝沂紋',1,1,1,'一次兩題',NULL),('S07352034','洪苡瑄',1,1,1,'累計3題',NULL),('S07352035','洪雯庭',1,1,1,'一次兩題',NULL),('S07352037','洪丞威',1,1,1,'累計3題',NULL),('S07352041','倪立暘',1,1,1,'一次兩題',NULL),('S07352042','張尊傑',1,1,1,'一次兩題',NULL),('S07352043','楊昕倫',1,1,1,'累計3題',NULL),('S07352044','謝承融',2,1,0,NULL,NULL),('S07353001','葉芝蓉',1,1,1,'累計3題',NULL),('S07353005','張家源',1,1,1,'累計3題',NULL),('S07353007','許舒博',1,1,1,'一次兩題',NULL),('S07353008','彭江儒',1,1,1,'一次兩題且累計3題',NULL),('S07353009','江浩文',1,1,1,'一次兩題',NULL),('S07353010','江歆慈',1,1,0,NULL,NULL),('S07353012','林郁昕',1,1,0,NULL,NULL),('S07353013','卓高賢',1,1,1,'累計3題',NULL),('S07353014','林姵妏',1,1,1,'一次兩題且累計3題',NULL),('S07353015','游復廷',3,1,0,NULL,NULL),('S07353017','王　恆',1,1,1,'一次兩題',NULL),('S07353018','許世琦',1,1,1,'累計3題',NULL),('S07353019','林佩穎',1,1,1,'一次兩題且累計3題',NULL),('S07353020','閆明綸',1,1,0,NULL,NULL),('S07353022','王亭唯',1,1,0,NULL,NULL),('S07353023','陳鈺佳',1,1,1,'一次兩題且累計3題',NULL),('S07353024','葉修原',1,1,1,'一次兩題',NULL),('S07353025','彭立文',1,1,1,'一次兩題',NULL),('S07353026','柯柏銓',1,1,1,'一次兩題',NULL),('S07353028','陳昱瑋',1,1,0,NULL,NULL),('S07353029','黃柏翔',1,1,1,'一次兩題且累計3題',NULL),('S07353030','許朝翔',1,1,1,'一次兩題',NULL),('S07353031','何睿璿',1,1,1,'一次兩題',NULL),('S07353033','黃嚴輝',1,1,1,'累計3題',NULL),('S07353034','張舜博',1,1,1,'累計3題',NULL),('S07353035','陳昕宏',1,1,1,'一次兩題且累計3題',NULL),('S07353036','林彥成',1,1,0,NULL,NULL),('S07353037','吳珮妘',1,1,1,'一次兩題',NULL),('S07353039','劉俊麟',1,1,1,'累計3題',NULL),('S07353040','許暐聖',1,1,1,'一次兩題',NULL),('S07353041','宗　諒',1,1,1,'累計3題',NULL),('S07353042','施品言',1,1,0,NULL,NULL),('S07353043','陳宇漢',1,1,1,'一次兩題且累計3題',NULL),('S07353044','謝旻勳',1,1,1,'累計3題',NULL),('S07353045','蔡家康',3,1,0,NULL,NULL),('S07353046','張志誠',1,1,1,'累計3題',NULL),('S07353047','陳俊忠',3,1,0,NULL,NULL),('S07353050','溫武金',1,1,1,'一次兩題且累計3題',NULL),('S07353058','姜幃元',1,1,1,'一次兩題且累計3題',NULL),('S07353059','吳雨珂',1,1,1,'一次兩題',NULL),('S07353063','邱柏軒',1,1,1,'一次兩題',NULL),('S07353064','束家安',1,1,1,'一次兩題且累計3題',NULL),('S07410347','蔡雨欣',3,2,0,NULL,NULL),('S07730035','李佳勳',1,2,1,'一次兩題',NULL),('S08110137','余冠廷',1,2,0,NULL,NULL),('S08210026','許永紳',1,2,1,'一次兩題且累計3題',NULL),('S08210035','王晨亦',1,2,1,'一次兩題',NULL),('S08210045','葉　晨',1,2,1,'一次兩題且累計3題',NULL),('S08222049','揭崇岱',1,2,0,NULL,NULL),('S08240007','洪語辰',1,2,1,'累計3題',NULL),('S08240016','梁致豪',1,2,1,'累計3題',NULL),('S08340205','宋其諺',1,2,1,'一次兩題且累計3題',NULL),('S08340210','黃鼎鈞',1,2,1,'一次兩題',NULL),('S08350001','賴柏年',1,1,1,'累計3題',NULL),('S08350301','洪子晴',1,1,1,'一次兩題且累計3題',NULL),('S08351002','李庭華',1,1,1,'累計3題',NULL),('S08351003','林允中',1,1,1,'一次兩題且累計3題',NULL),('S08351004','洪寬霖',1,1,1,'一次兩題',NULL),('S08351005','陳政維',1,1,1,'累計3題',NULL),('S08351006','陳昱齊',1,1,1,'一次兩題',NULL),('S08351007','劉茵淇',1,1,1,'累計3題',NULL),('S08351008','楊翔宇',1,1,1,'一次兩題',NULL),('S08351009','蘇鈺涵',1,1,1,'一次兩題',NULL),('S08351010','何孫瑜',1,1,1,'累計3題',NULL),('S08351011','宋元心',1,1,1,'一次兩題且累計3題',NULL),('S08351012','張昱筠',1,1,1,'一次兩題',NULL),('S08351013','黃溫笙',1,1,1,'一次兩題且累計3題',NULL),('S08351014','謝佾均',1,1,1,'一次兩題',NULL),('S08351016','陳明憲',1,1,1,'一次兩題且累計3題',NULL),('S08351017','余鴻德',1,1,1,'一次兩題且累計3題',NULL),('S08351018','何源倫',2,1,0,NULL,NULL),('S08351019','程　魚',1,1,1,'一次兩題',NULL),('S08351020','蔡明逵',1,1,1,'累計3題',NULL),('S08351021','吳秉鴻',1,1,1,'一次兩題且累計3題',NULL),('S08351022','許承恩',1,1,1,'一次兩題',NULL),('S08351023','李珺暘',1,1,1,'一次兩題且累計3題',NULL),('S08351024','林維軒',1,1,0,NULL,NULL),('S08351025','王瑋麒',1,1,1,'一次兩題且累計3題',NULL),('S08351026','麥曼琳',1,1,1,'一次兩題且累計3題',NULL),('S08351029','蕭永豪',1,1,1,'一次兩題且累計3題',NULL),('S08351030','王竣丞',1,1,1,'一次兩題且累計3題',NULL),('S08351031','劉宜境',3,1,0,NULL,NULL),('S08351032','鄭子瀚',1,1,1,'累計3題',NULL),('S08351033','劉至峰',1,1,1,'一次兩題',NULL),('S08351034','楊承翰',1,1,1,'一次兩題且累計3題',NULL),('S08351035','曹富榕',1,1,1,'累計3題',NULL),('S08351036','張昌聖',1,1,1,'一次兩題且累計3題',NULL),('S08351037','李嘉誠',1,1,1,'一次兩題且累計3題',NULL),('S08351038','許銢祺',1,1,1,'一次兩題',NULL),('S08351039','王冠焱',1,1,1,'一次兩題',NULL),('S08351040','胡沛淳',1,1,1,'一次兩題',NULL),('S08351041','吳柏漢',1,1,1,'一次兩題且累計3題',NULL),('S08351042','陳震宇',1,1,0,NULL,NULL),('S08351043','曾上洋',1,1,1,'一次兩題',NULL),('S08351044','鄭至佑',1,1,1,'累計3題',NULL),('S08351045','許?偉',1,1,1,'一次兩題',NULL),('S08351046','陳君典',1,1,1,'一次兩題且累計3題',NULL),('S08351047','林品攸',1,1,1,'一次兩題且累計3題',NULL),('S08351048','洪嘉瑞',1,1,1,'一次兩題',NULL),('S08351049','黃振庭',2,1,0,NULL,NULL),('S08351050','李智修',1,1,0,NULL,NULL),('S08351601','高譽銘',1,1,0,NULL,NULL),('S08351602','戴寧杞',1,1,1,'一次兩題且累計3題',NULL),('S08352001','翁士傑',1,1,1,'一次兩題',NULL),('S08352002','馮承霆',1,1,1,'一次兩題且累計3題',NULL),('S08352003','張博鈞',1,1,1,'累計3題',NULL),('S08352004','沈郁瑄',1,1,1,'一次兩題且累計3題',NULL),('S08352005','陳亮?',1,1,1,'一次兩題且累計3題',NULL),('S08352006','李安于',1,1,1,'一次兩題且累計3題',NULL),('S08352007','黃冠淳',1,1,1,'一次兩題且累計3題',NULL),('S08352008','莊迺盛',1,1,1,'累計3題',NULL),('S08352009','吳雨非',1,1,1,'累計3題',NULL),('S08352011','謝珮欣',1,1,1,'累計3題',NULL),('S08352012','沈育瑭',1,1,1,'一次兩題',NULL),('S08352013','蕭詠群',2,1,0,NULL,NULL),('S08352014','王欣柔',1,1,1,'累計3題',NULL),('S08352015','林子瑄',1,1,0,NULL,NULL),('S08352016','葉耀仁',1,1,1,'一次兩題且累計3題',NULL),('S08352017','胡庭嘉',1,1,1,'一次兩題且累計3題',NULL),('S08352018','趙英綺',1,1,1,'一次兩題且累計3題',NULL),('S08352019','王詠萱',1,1,1,'累計3題',NULL),('S08352020','李志鈞',1,1,1,'累計3題',NULL),('S08352021','林桂如',1,1,1,'累計3題',NULL),('S08352022','陳子琪',1,1,1,'累計3題',NULL),('S08352023','廖?賢',1,1,1,'一次兩題且累計3題',NULL),('S08352024','游云慈',1,1,1,'一次兩題',NULL),('S08352025','楊景鴻',1,1,1,'一次兩題',NULL),('S08352026','黃騰緯',1,1,1,'一次兩題且累計3題',NULL),('S08352027','蔡昀儒',1,1,0,NULL,NULL),('S08352028','陳柏璟',1,1,0,NULL,NULL),('S08352029','吳承翰',1,1,1,'累計3題',NULL),('S08352030','周蕎羚',1,1,1,'一次兩題',NULL),('S08352031','李佳儒',1,1,1,'一次兩題且累計3題',NULL),('S08352032','楊翊榕',1,1,1,'一次兩題且累計3題',NULL),('S08352033','姚子揚',1,1,1,'一次兩題',NULL),('S08352034','張封業',1,1,1,'累計3題',NULL),('S08352035','嚴心妤',1,1,1,'累計3題',NULL),('S08352036','林芸謙',1,1,1,'一次兩題且累計3題',NULL),('S08352037','牛昱淇',1,1,0,NULL,NULL),('S08352038','鍾諭葳',1,1,1,'一次兩題',NULL),('S08352039','黃柏俞',1,1,1,'一次兩題且累計3題',NULL),('S08352040','許祐瑜(原名陳佑庭)',1,1,1,'累計3題',NULL),('S08352041','潘柏辰',1,1,1,'一次兩題',NULL),('S08352043','許絮婷',1,1,1,'一次兩題且累計3題',NULL),('S08352046','施盈琪',1,1,1,'一次兩題',NULL),('S08352047','陳妤',1,1,0,NULL,NULL),('S08352602','許鴻均',1,1,1,'一次兩題且累計3題',NULL),('S08353001','張維紘',1,1,1,'一次兩題且累計3題',NULL),('S08353002','賴承葳',1,1,1,'累計3題',NULL),('S08353003','楊景弘',1,1,1,'一次兩題且累計3題',NULL),('S08353004','鄭以瑞',3,1,0,NULL,NULL),('S08353005','鄭師漢',1,1,1,'一次兩題且累計3題',NULL),('S08353006','陳伯彥',1,1,0,NULL,NULL),('S08353007','吳宜峻',1,1,1,'一次兩題',NULL),('S08353008','黃詩?',1,1,0,NULL,NULL),('S08353009','詹濠溢',1,1,1,'一次兩題且累計3題',NULL),('S08353010','陳永承',1,1,1,'一次兩題且累計3題',NULL),('S08353011','周采暄',3,1,0,NULL,NULL),('S08353012','陳姿尹',1,1,1,'一次兩題且累計3題',NULL),('S08353013','黃佩琪',1,1,1,'一次兩題且累計3題',NULL),('S08353014','陳柏瑄',1,1,1,'一次兩題且累計3題',NULL),('S08353015','陳永祥',1,1,1,'一次兩題',NULL),('S08353016','杜姿霖',1,1,1,'累計3題',NULL),('S08353017','張言智',3,1,0,NULL,NULL),('S08353018','郭冠麟',1,1,1,'一次兩題且累計3題',NULL),('S08353019','劉子瑜',3,1,0,NULL,NULL),('S08353020','蔡采紜',1,1,0,NULL,NULL),('S08353021','陳郁雯',1,1,0,NULL,NULL),('S08353022','周祐維',1,1,0,NULL,NULL),('S08353023','朱翊禎',1,1,1,'一次兩題且累計3題',NULL),('S08353024','吳　境',1,1,1,'一次兩題',NULL),('S08353025','蔡昀揚',1,1,0,NULL,NULL),('S08353026','蔡宗佑',1,1,1,'累計3題',NULL),('S08353027','陳昕愉',1,1,1,'一次兩題且累計3題',NULL),('S08353028','張雨綺',1,1,1,'累計3題',NULL),('S08353029','劉澄明',1,1,1,'一次兩題且累計3題',NULL),('S08353030','李韋霆',1,1,1,'一次兩題',NULL),('S08353031','李哲誠',1,1,1,'累計3題',NULL),('S08353032','黃亮逸',1,1,1,'一次兩題且累計3題',NULL),('S08353033','楊貿丞',1,1,0,NULL,NULL),('S08353035','陳世泓',3,1,0,NULL,NULL),('S08353036','王妡宇',1,1,1,'一次兩題且累計3題',NULL),('S08353037','蔡博丞',1,1,1,'累計3題',NULL),('S08353038','林淵原',1,1,1,'一次兩題且累計3題',NULL),('S08353039','徐德諺',3,1,0,NULL,NULL),('S08353040','孫慶宇',1,1,1,'一次兩題',NULL),('S08353041','葉宗晉',1,1,1,'一次兩題',NULL),('S08353042','邱哲忠',2,1,0,NULL,NULL),('S08353043','賴資敏',1,1,0,NULL,NULL),('S08353044','葉羽欣',1,1,1,'一次兩題',NULL),('S08353045','吳雅琴',3,1,0,NULL,NULL),('S08353602','穆亞蒂',1,1,1,'一次兩題且累計3題',NULL),('S08353603','何榕濤',1,1,1,'一次兩題',NULL),('S08430211','吳昫虹',1,2,1,'累計3題',NULL),('S08490010','蔡承晏',1,2,1,'一次兩題且累計3題',NULL),('S08521118','林祺憲',1,2,1,'一次兩題',NULL),('S08521248','王永昇',1,2,1,'一次兩題且累計3題',NULL),('S08610145','方昱蓉',1,2,0,NULL,NULL),('S09120153','林沛均',1,2,0,NULL,NULL),('S09130023','宋有朋',1,2,1,'一次兩題且累計3題',NULL),('S09130041','張言翎',1,2,0,NULL,NULL),('S09210057','李　謙',1,2,1,'一次兩題',NULL),('S09330121','蕭淳恩',1,2,0,NULL,NULL),('S09330240','童宥銘',1,2,0,NULL,NULL),('S09350101','楊垣?',1,1,1,'一次兩題',NULL),('S09350102','顏德宇',1,1,0,NULL,NULL),('S09350103','邱冠佾',1,1,1,'一次兩題',NULL),('S09350104','廖啟佑',1,1,1,'一次兩題且累計3題',NULL),('S09350105','王東亮',1,1,1,'一次兩題',NULL),('S09350106','楊靜穎',1,1,1,'累計3題',NULL),('S09350107','曾馨儀',1,1,1,'一次兩題且累計3題',NULL),('S09350108','吳俊葳',1,1,0,NULL,NULL),('S09350109','曾佩雯',1,1,1,'一次兩題且累計3題',NULL),('S09350110','郭信磊',1,1,1,'累計3題',NULL),('S09350111','邱紹鈞',1,1,1,'一次兩題且累計3題',NULL),('S09350112','張傑程',1,1,1,'一次兩題且累計3題',NULL),('S09350113','陳信穎',1,1,0,NULL,NULL),('S09350114','羅智群',1,1,1,'累計3題',NULL),('S09350115','季柏毅',1,1,1,'一次兩題且累計3題',NULL),('S09350116','曾華陞',1,1,1,'一次兩題且累計3題',NULL),('S09350117','林佑軒',1,1,1,'一次兩題',NULL),('S09350118','陳嘉宏',1,1,0,NULL,NULL),('S09350119','林采穎',1,1,1,'一次兩題',NULL),('S09350120','唐辰豪',1,1,1,'一次兩題',NULL),('S09350121','胡成瑋',1,1,1,'累計3題',NULL),('S09350122','黃宥齊',1,1,1,'一次兩題且累計3題',NULL),('S09350123','朱彥宸',1,1,1,'一次兩題',NULL),('S09350124','森良吾',1,1,1,'一次兩題',NULL),('S09350125','陳柏翰',1,1,1,'一次兩題且累計3題',NULL),('S09350126','楊竣翔',1,1,0,NULL,NULL),('S09350127','余霖鍇',1,1,1,'一次兩題且累計3題',NULL),('S09350128','田宇騰',1,1,1,'一次兩題',NULL),('S09350129','邱柏盛',1,1,0,NULL,NULL),('S09350130','涂洸睿',2,1,0,NULL,NULL),('S09350131','顏昱姍',1,1,1,'一次兩題且累計3題',NULL),('S09350132','林俊佑',1,1,1,'一次兩題',NULL),('S09350133','劉凱傑',1,1,1,'一次兩題',NULL),('S09350134','梁耕宇',2,1,0,NULL,NULL),('S09350137','陳首忠',1,1,1,'一次兩題且累計3題',NULL),('S09350138','魏志翰',1,1,0,NULL,NULL),('S09350139','李佳偉',1,1,1,'一次兩題',NULL),('S09350140','陳鈞騰',1,1,0,NULL,NULL),('S09350141','謝子鈞',1,1,0,NULL,NULL),('S09350142','陳品錡',2,1,0,NULL,NULL),('S09350144','李哲儀',1,1,1,'一次兩題且累計3題',NULL),('S09350145','劉洺翔',1,1,1,'一次兩題且累計3題',NULL),('S09350146','蔡哲彥',1,1,0,NULL,NULL),('S09350147','鄭翔尹',1,1,1,'一次兩題',NULL),('S09350148','張聯榮',1,1,1,'一次兩題且累計3題',NULL),('S09350149','徐浩中',1,1,1,'累計3題',NULL),('S09350150','黃品杰',1,1,1,'累計3題',NULL),('S09350151','陳玉珊',1,1,0,NULL,NULL),('S09350152','錢昱期',1,1,0,NULL,NULL),('S09350153','王冠智',1,1,0,NULL,NULL),('S09350155','廖秉信',1,1,1,'一次兩題',NULL),('S09350156','謝志龍',1,1,0,NULL,NULL),('S09350201','陳閔雯',1,1,0,NULL,NULL),('S09350202','李芸瑄',1,1,1,'一次兩題',NULL),('S09350203','康家瑜',1,1,0,NULL,NULL),('S09350204','廖書賢',1,1,1,'一次兩題',NULL),('S09350205','李家誠',1,1,1,'一次兩題且累計3題',NULL),('S09350206','林奕翔',1,1,1,'累計3題',NULL),('S09350207','陳茂霖',1,1,1,'累計3題',NULL),('S09350208','張芊芊',2,1,0,NULL,NULL),('S09350209','陳品樺',1,1,1,'一次兩題',NULL),('S09350210','邱靖惠',1,1,1,'一次兩題且累計3題',NULL),('S09350211','陳昱樺',1,1,1,'一次兩題且累計3題',NULL),('S09350212','陳旻凱',1,1,1,'一次兩題',NULL),('S09350213','魏士豪',1,1,1,'一次兩題且累計3題',NULL),('S09350214','魏菁萱',1,1,1,'一次兩題',NULL),('S09350215','黃大昕',1,1,0,NULL,NULL),('S09350216','吳翰威',1,1,0,NULL,NULL),('S09350217','呂奕練',1,1,1,'累計3題',NULL),('S09350218','黃昱軒',1,1,0,NULL,NULL),('S09350219','吳竣諺',1,1,1,'累計3題',NULL),('S09350220','吳易儒',1,1,1,'一次兩題且累計3題',NULL),('S09350221','傅　予',1,1,1,'一次兩題',NULL),('S09350222','陳卉羚',1,1,1,'一次兩題',NULL),('S09350223','蔡文星',1,1,1,'一次兩題',NULL),('S09350224','黃千汧',1,1,0,NULL,NULL),('S09350225','李　錦',1,1,1,'一次兩題',NULL),('S09350226','許鈜翔',1,1,1,'一次兩題',NULL),('S09350227','林茂宸',1,1,1,'一次兩題且累計3題',NULL),('S09350228','廖偉成',1,1,1,'一次兩題且累計3題',NULL),('S09350229','廖羿芸',1,1,1,'一次兩題且累計3題',NULL),('S09350230','梁智翔',1,1,1,'一次兩題且累計3題',NULL),('S09350231','蔡汝宜',1,1,1,'一次兩題且累計3題',NULL),('S09350232','唐維邑',1,1,1,'累計3題',NULL),('S09350233','王郁翔',1,1,0,NULL,NULL),('S09350234','吳珮安',1,1,1,'累計3題',NULL),('S09350235','楊承浩',1,1,0,NULL,NULL),('S09350236','張庭瑜',1,1,1,'一次兩題',NULL),('S09350237','劉昱嶔',1,1,1,'一次兩題且累計3題',NULL),('S09350238','陳耕柏',1,1,1,'一次兩題且累計3題',NULL),('S09350239','林筠翔',2,1,0,NULL,NULL),('S09350240','陳品瑞',1,1,1,'累計3題',NULL),('S09350241','魏新鵬',1,1,1,'累計3題',NULL),('S09350242','邱翊豪',1,1,1,'一次兩題且累計3題',NULL),('S09350243','潘又頡',1,1,1,'一次兩題且累計3題',NULL),('S09350244','王星皓',1,1,1,'一次兩題且累計3題',NULL),('S09350245','許妤君',2,1,0,NULL,NULL),('S09350246','張子中',1,1,1,'一次兩題且累計3題',NULL),('S09350247','林紀如',1,1,1,'一次兩題且累計3題',NULL),('S09350248','郭祐炘',1,1,1,'一次兩題且累計3題',NULL),('S09350249','周柏均',1,1,1,'一次兩題且累計3題',NULL),('S09350251','江晨揚',1,1,1,'一次兩題且累計3題',NULL),('S09350252','徐群祐',1,1,1,'累計3題',NULL),('S09350254','郭諺勳',1,1,1,'一次兩題',NULL),('S09350255','謝鎮宇',1,1,1,'一次兩題',NULL),('S09350256','林佳緯',1,1,1,'累計3題',NULL),('S09350257','王怡婷',1,1,1,'累計3題',NULL),('S09350301','陳廷恩',1,1,1,'一次兩題且累計3題',NULL),('S09350302','陳冠宇',1,1,0,NULL,NULL),('S09350303','周宜嫻',1,1,1,'累計3題',NULL),('S09350304','陳妤聞',1,1,0,NULL,NULL),('S09350305','黃耀宗',1,1,1,'一次兩題且累計3題',NULL),('S09350306','王?于',1,1,0,NULL,NULL),('S09350307','陳冠任',1,1,0,NULL,NULL),('S09350308','陸品嘉',1,1,1,'一次兩題且累計3題',NULL),('S09350309','李翊華',1,1,1,'一次兩題',NULL),('S09350310','楊名芯',1,1,1,'累計3題',NULL),('S09350311','林師安',1,1,0,NULL,NULL),('S09350312','蔡仁瑋',1,1,0,NULL,NULL),('S09350313','陳奕涵',1,1,1,'累計3題',NULL),('S09350314','林才瀚',1,1,1,'一次兩題且累計3題',NULL),('S09350315','李偉翔',1,1,1,'一次兩題且累計3題',NULL),('S09350316','黃為智',1,1,0,NULL,NULL),('S09350317','吳奕杰',1,1,1,'一次兩題',NULL),('S09350318','蔡松翰',1,1,1,'一次兩題且累計3題',NULL),('S09350319','黃博恩',1,1,1,'累計3題',NULL),('S09350320','王中廷',1,1,1,'一次兩題',NULL),('S09350321','許創華',1,1,0,NULL,NULL),('S09350322','李峻愷',1,1,1,'一次兩題且累計3題',NULL),('S09350323','吳致達',1,1,1,'一次兩題且累計3題',NULL),('S09350324','吳旻嬛',1,1,0,NULL,NULL),('S09350325','胡嘉祐',1,1,1,'一次兩題且累計3題',NULL),('S09350326','翁沁翎',1,1,1,'累計3題',NULL),('S09350327','王郁凱',1,1,1,'一次兩題',NULL),('S09350328','邱琳箏',1,1,1,'累計3題',NULL),('S09350329','杜懿峰',1,1,1,'一次兩題且累計3題',NULL),('S09350330','鄭亦珈',2,1,0,NULL,NULL),('S09350331','巫彥宸',1,1,1,'一次兩題',NULL),('S09350332','黃識璇',1,1,1,'一次兩題且累計3題',NULL),('S09350333','廖紫媗',1,1,1,'累計3題',NULL),('S09350334','張兆賢',1,1,0,NULL,NULL),('S09350335','黃靜雯',1,1,1,'一次兩題',NULL),('S09350336','李品萱',1,1,1,'一次兩題且累計3題',NULL),('S09350337','杜昭毅',1,1,0,NULL,NULL),('S09350338','廖偉哲',1,1,1,'一次兩題',NULL),('S09350339','柯栩羚',1,1,1,'累計3題',NULL),('S09350340','陳宏銘',1,1,1,'一次兩題且累計3題',NULL),('S09350341','蘇冠順',2,1,0,NULL,NULL),('S09350342','江日騫',1,1,1,'一次兩題且累計3題',NULL),('S09350343','吳佳昇',1,1,1,'一次兩題且累計3題',NULL),('S09350344','許喬堤',1,1,1,'一次兩題且累計3題',NULL),('S09350345','賴宥峻',1,1,1,'累計3題',NULL),('S09350346','王冠諺',1,1,0,NULL,NULL),('S09350347','洪振皓',1,1,1,'一次兩題且累計3題',NULL),('S09350348','馬安豫',1,1,1,'累計3題',NULL),('S09350349','王若安',1,1,1,'一次兩題且累計3題',NULL),('S09350350','翁萱育',1,1,1,'一次兩題且累計3題',NULL),('S09350351','潘少軒',1,1,1,'一次兩題',NULL),('S09350352','林靖蓉',1,1,0,NULL,NULL),('S09350353','鄧韋茹',1,1,0,NULL,NULL),('S09350356','呂崇維',1,1,1,'一次兩題',NULL),('S09350604','姜耀祖',2,1,0,NULL,NULL),('S09350704','胡胤杰',1,1,1,'一次兩題且累計3題',NULL),('S09350705','陳凱毅',1,1,1,'一次兩題且累計3題',NULL),('S09350707','鄧洛希',3,1,0,NULL,NULL),('S09350708','陳建丰',1,1,0,NULL,NULL),('S09350711','陳俊兆',1,1,1,'一次兩題',NULL),('S09350712','何約瑟',1,1,1,'累計3題',NULL),('S09350801','蕭乃升',1,1,1,'一次兩題且累計3題',NULL),('S09350805','友田滴',1,1,1,'一次兩題',NULL),('S09350806','黃偉盛',1,1,0,NULL,NULL),('S09350807','康書強',1,1,1,'一次兩題且累計3題',NULL),('S10190013','林世華',1,2,0,NULL,NULL),('S10240015','張睿恩',1,1,0,NULL,NULL),('S10240015 ','張睿恩',1,1,0,NULL,NULL),('S10240030','廖文蔚',1,2,0,NULL,NULL),('S10350101','莊荏琇',2,1,0,NULL,NULL),('S10350102','林妍妤',1,1,1,'累計3題',NULL),('S10350103','葉　鑫',1,1,1,'一次兩題',NULL),('S10350104','吳威宏',1,1,0,NULL,NULL),('S10350105','黃昱承',1,1,0,NULL,NULL),('S10350106','陳柏宇',1,1,0,NULL,NULL),('S10350107','謝依儒',2,1,0,NULL,NULL),('S10350109','詹金蓉',1,1,0,NULL,NULL),('S10350110','李家蓁',1,1,0,NULL,NULL),('S10350111','林彥熏',1,1,0,NULL,NULL),('S10350112','文　珩',1,1,0,NULL,NULL),('S10350113','管少棋',1,1,1,'一次兩題且累計3題',NULL),('S10350114','胡少騏',1,1,1,'一次兩題且累計3題',NULL),('S10350116','劉彥麟',1,1,0,NULL,NULL),('S10350117','黃柏喻',1,1,0,NULL,NULL),('S10350118','石景賢',1,1,0,NULL,NULL),('S10350119','陳甲祐',1,1,0,NULL,NULL),('S10350120','林業展',1,1,0,NULL,NULL),('S10350121','劉亭妤',1,1,0,NULL,NULL),('S10350122','麥佑晨',1,1,0,NULL,NULL),('S10350123','蕭均澔',1,1,0,NULL,NULL),('S10350124','黃琮祐',1,1,0,NULL,NULL),('S10350125','梁家瑄',1,1,0,NULL,NULL),('S10350126','林燦宇',1,1,0,NULL,NULL),('S10350127','邱俊凱',1,1,0,NULL,NULL),('S10350128','蔡宗錡',1,1,0,NULL,NULL),('S10350129','謝旻恒',1,1,0,NULL,NULL),('S10350130','張巧玲',1,1,0,NULL,NULL),('S10350131','劉尚恩',1,1,1,'一次兩題',NULL),('S10350132','郭勇慶',1,1,0,NULL,NULL),('S10350133','陳韋榳',2,1,0,NULL,NULL),('S10350134','賴威智',1,1,1,'一次兩題且累計3題',NULL),('S10350135','陳柏融',1,1,1,'一次兩題且累計3題',NULL),('S10350136','陳冠惟',1,1,1,'一次兩題且累計3題',NULL),('S10350137','林俞函',1,1,0,NULL,NULL),('S10350139','鄭子麒',1,1,0,NULL,NULL),('S10350140','陳宥儒',1,1,1,'累計3題',NULL),('S10350141','黃品源',1,1,0,NULL,NULL),('S10350142','郭家鳴',1,1,0,NULL,NULL),('S10350143','何翊均',1,1,0,NULL,NULL),('S10350144','許廷維',1,1,0,NULL,NULL),('S10350145','郭子豪',1,1,1,'累計3題',NULL),('S10350146','魏雨柔',1,1,0,NULL,NULL),('S10350147','王昱崴',1,1,0,NULL,NULL),('S10350148','胡芷菱',1,1,0,NULL,NULL),('S10350149','彭逸媛',1,1,1,'一次兩題',NULL),('S10350150','賴煥昇',1,1,0,NULL,NULL),('S10350151','葉映攸',1,1,0,NULL,NULL),('S10350152','王宥愉',1,1,0,NULL,NULL),('S10350153','薛秉昕',1,1,0,NULL,NULL),('S10350157','洪唯翔',1,1,1,'累計3題',NULL),('S10350158','雷子毅',1,1,1,'一次兩題且累計3題',NULL),('S10350201','江衍億',1,1,1,'一次兩題',NULL),('S10350202','吳昀臻',1,1,1,'一次兩題且累計3題',NULL),('S10350203','潘宛宜',1,1,1,'一次兩題',NULL),('S10350204','蔡芷芸',1,1,0,NULL,NULL),('S10350205','許庭瑋',1,1,0,NULL,NULL),('S10350206','王郁晴',1,1,0,NULL,NULL),('S10350207','王焯璠',1,1,0,NULL,NULL),('S10350208','林靖穎',1,1,1,'一次兩題且累計3題',NULL),('S10350209','吳彥廷',1,1,0,NULL,NULL),('S10350210','孫竹妘',1,1,1,'累計3題',NULL),('S10350211','林傑森',1,1,1,'一次兩題且累計3題',NULL),('S10350212','郭浚鋐',1,1,0,NULL,NULL),('S10350213','黃毓軒',1,1,1,'一次兩題且累計3題',NULL),('S10350214','周永翔',1,1,0,NULL,NULL),('S10350215','黃琮翔',1,1,0,NULL,NULL),('S10350216','俎佑樺',1,1,1,'一次兩題',NULL),('S10350217','楊冠哲',1,1,0,NULL,NULL),('S10350218','張可翰',1,1,1,'累計3題',NULL),('S10350219','丁柏榛',1,1,0,NULL,NULL),('S10350220','張恬寧',1,1,1,'累計3題',NULL),('S10350221','劉柏均',1,1,1,'一次兩題',NULL),('S10350222','張涵智',2,1,0,NULL,NULL),('S10350223','葉尚鑫',1,1,0,NULL,NULL),('S10350224','陳彥君',1,1,1,'一次兩題',NULL),('S10350225','陳建汶',1,1,1,'一次兩題且累計3題',NULL),('S10350226','黃立維',1,1,0,NULL,NULL),('S10350227','陳柏邑',1,1,1,'一次兩題且累計3題',NULL),('S10350228','陳福第',1,1,1,'一次兩題',NULL),('S10350229','鄧永芳',1,1,0,NULL,NULL),('S10350230','許子崴',1,1,1,'一次兩題',NULL),('S10350231','廖宇翔',1,1,0,NULL,NULL),('S10350232','王宣懿',2,1,0,NULL,NULL),('S10350233','周芷寧',1,1,1,'一次兩題且累計3題',NULL),('S10350234','曾英掄',1,1,1,'一次兩題',NULL),('S10350235','曾志榮',1,1,0,NULL,NULL),('S10350236','黃資凱',1,1,0,NULL,NULL),('S10350237','陳秀君',1,1,0,NULL,NULL),('S10350238','謝沛妏',1,1,1,'累計3題',NULL),('S10350239','魏志翰',1,1,0,NULL,NULL),('S10350240','張家寶',1,1,1,'一次兩題',NULL),('S10350241','吳柏霖',1,1,0,NULL,NULL),('S10350242','張茵茵',1,1,0,NULL,NULL),('S10350243','張浴瑲',1,1,1,'一次兩題且累計3題',NULL),('S10350245','黃翔柏',1,1,0,NULL,NULL),('S10350246','袁伯穎',1,1,0,NULL,NULL),('S10350247','唐政遠',1,1,1,'一次兩題且累計3題',NULL),('S10350248','林妍馨',1,1,0,NULL,NULL),('S10350249','鄒詠智',1,1,1,'一次兩題且累計3題',NULL),('S10350250','黎宇宸',1,1,0,NULL,NULL),('S10350251','魯　易',1,1,0,NULL,NULL),('S10350301','曾慶翔',1,1,0,NULL,NULL),('S10350302','林晉頡',1,1,0,NULL,NULL),('S10350303','蘇　昊',1,1,0,NULL,NULL),('S10350304','林宥妤',1,1,0,NULL,NULL),('S10350305','邱柏揚',1,1,0,NULL,NULL),('S10350306','陳冠宇',1,1,0,NULL,NULL),('S10350307','溫為霖',1,1,1,'一次兩題且累計3題',NULL),('S10350308','尤奕翔',1,1,0,NULL,NULL),('S10350309','何　翊',1,1,1,'一次兩題且累計3題',NULL),('S10350310','朱祐陞',1,1,0,NULL,NULL),('S10350311','張筠妮',1,1,0,NULL,NULL),('S10350312','吳承軒',1,1,1,'一次兩題',NULL),('S10350313','林綦祥',1,1,1,'一次兩題且累計3題',NULL),('S10350314','李　娜',1,1,1,'一次兩題且累計3題',NULL),('S10350315','陳宏達',1,1,1,'一次兩題且累計3題',NULL),('S10350316','陳品豪',1,1,1,'一次兩題且累計3題',NULL),('S10350317','江佳丞',1,1,0,NULL,NULL),('S10350318','江祈瑩',1,1,1,'一次兩題且累計3題',NULL),('S10350319','蔡慧真',1,1,0,NULL,NULL),('S10350320','李仲恩',1,1,0,NULL,NULL),('S10350321','陳晏翎',1,1,1,'一次兩題',NULL),('S10350322','陳宥呈',1,1,1,'一次兩題且累計3題',NULL),('S10350323','劉瑋婷',1,1,0,NULL,NULL),('S10350324','王豪驛',1,1,1,'一次兩題且累計3題',NULL),('S10350325','陳建橙',1,1,0,NULL,NULL),('S10350326','李宗達',1,1,1,'一次兩題且累計3題',NULL),('S10350328','蔡鈞富',1,1,1,'一次兩題且累計3題',NULL),('S10350329','陸靜怡',1,1,1,'一次兩題且累計3題',NULL),('S10350330','蔡喻堯',1,1,1,'一次兩題且累計3題',NULL),('S10350331','張宇杰',1,1,0,NULL,NULL),('S10350332','秦仕儒',1,1,0,NULL,NULL),('S10350333','張中育',1,1,0,NULL,NULL),('S10350334','麥慶豊',1,1,0,NULL,NULL),('S10350335','鄭仁翔',1,1,0,NULL,NULL),('S10350336','王伯庭',1,1,0,NULL,NULL),('S10350337','林芸華',1,1,0,NULL,NULL),('S10350338','李品翰',1,1,1,'一次兩題',NULL),('S10350339','林聖達',1,1,1,'一次兩題且累計3題',NULL),('S10350340','詹國廷',1,1,0,NULL,NULL),('S10350341','張庭耀',1,1,0,NULL,NULL),('S10350342','紀承堯',1,1,0,NULL,NULL),('S10350343','葉晉宏',2,1,0,NULL,NULL),('S10350344','謝許鍠',1,1,0,NULL,NULL),('S10350345','林佳茵',1,1,0,NULL,NULL),('S10350346','俞兆庭',1,1,1,'一次兩題',NULL),('S10350347','邱辰家',1,1,0,NULL,NULL),('S10350348','江興平',1,1,0,NULL,NULL),('S10350601','洪柏雷',1,1,0,NULL,NULL),('S10350703','梁智輝',1,1,0,NULL,NULL),('S10350705','李天佑',1,1,0,NULL,NULL),('S10350710','李鴻賺',1,1,0,NULL,NULL),('S10350805','許穎軒',1,1,0,NULL,NULL),('S10350807','黃哲強',1,1,0,NULL,NULL),('S10410332','沈飛宏',1,1,1,'一次兩題且累計3題',NULL),('S10430159','林梅禎',1,2,0,NULL,NULL),('S10490020','莊苡歆',1,2,0,NULL,NULL),('S10490022','黃若晨',1,2,0,NULL,NULL),('S10521244','羅姵絨',1,2,0,NULL,NULL),('S10522033','謝雯婷',1,2,0,NULL,NULL),('S10532037','曾德伃',1,2,0,NULL,NULL),('S10540130','羅湘君',1,2,0,NULL,NULL),('S10680022','黃柏雋',1,2,1,'一次兩題且累計3題',NULL),('S10740010','陳怡安',1,1,0,NULL,NULL),('S10750049','林奕緯',1,2,1,'累計3題',NULL),('S10920015','張家豪',1,1,0,NULL,NULL),('S11110131','顏昱倫',1,2,0,NULL,NULL),('S11110213','廖柏鈞',1,2,0,NULL,NULL),('S11120201','楊智傑',1,2,0,NULL,NULL),('S11120245','施　文',1,2,0,NULL,NULL),('S11232004','姜又瑄',1,2,0,NULL,NULL),('S11240007','陳依靖',1,2,0,NULL,NULL),('S11240010','邱俊翔',1,1,0,NULL,NULL),('S11240016','董曉甄',1,1,0,NULL,NULL),('S11310147','欒凱翔',1,1,0,NULL,NULL),('S11350101','許博智',1,1,1,'累計3題',NULL),('S11350102','劉慎宏',1,1,1,'一次兩題',NULL),('S11350103','許榕榕',2,1,0,NULL,NULL),('S11350104','楊翔宇',1,1,0,NULL,NULL),('S11350105','林弘婷',1,1,0,NULL,NULL),('S11350106','許景喆',1,1,0,NULL,NULL),('S11350107','周楷博',1,1,0,NULL,NULL),('S11350108','于仁立',1,1,0,NULL,NULL),('S11350109','王歆評',1,1,0,NULL,NULL),('S11350110','吳彗宇',1,1,1,'一次兩題且累計3題',NULL),('S11350111','李宜蓁',1,1,0,NULL,NULL),('S11350112','謝佳佑',2,1,0,NULL,NULL),('S11350113','鐘子豪',1,1,0,NULL,NULL),('S11350114','林士哲',1,1,0,NULL,NULL),('S11350115','王彥傑',1,1,0,NULL,NULL),('S11350116','廖崐博',1,1,0,NULL,NULL),('S11350117','商詠宸',1,1,1,'一次兩題',NULL),('S11350118','尤辰愷',1,1,0,NULL,NULL),('S11350119','劉翔懷',1,1,0,NULL,NULL),('S11350120','李睦澄',1,1,0,NULL,NULL),('S11350121','楊仕淵',1,1,1,'一次兩題且累計3題',NULL),('S11350122','周伯駿',1,1,1,'一次兩題且累計3題',NULL),('S11350123','高辰宇',1,1,0,NULL,NULL),('S11350124','姜家傑',1,1,1,'累計3題',NULL),('S11350125','張筌竣',1,1,0,NULL,NULL),('S11350126','賴正叡',1,1,0,NULL,NULL),('S11350127','田宇新',1,1,0,NULL,NULL),('S11350128','葉宇誠',1,1,0,NULL,NULL),('S11350129','李維峰',1,1,0,NULL,NULL),('S11350130','林睿哲',1,1,0,NULL,NULL),('S11350132','張定瑋',1,1,1,'一次兩題且累計3題',NULL),('S11350133','俞宣恩',1,1,0,NULL,NULL),('S11350134','蘇雅凡',1,1,0,NULL,NULL),('S11350135','陳俊憲',1,1,0,NULL,NULL),('S11350136','王韋傑',1,1,0,NULL,NULL),('S11350137','陳羿學',1,1,1,'一次兩題',NULL),('S11350138','洪翊軒',1,1,0,NULL,NULL),('S11350139','伍韶文',1,1,0,NULL,NULL),('S11350140','黃安緯',1,1,0,NULL,NULL),('S11350141','鄭光諺',1,1,0,NULL,NULL),('S11350142','歐家驊',1,1,0,NULL,NULL),('S11350143','楊茂霖',1,1,0,NULL,NULL),('S11350144','吳易宸',1,1,0,NULL,NULL),('S11350145','吳添舜',1,1,0,NULL,NULL),('S11350146','何昊原',1,1,0,NULL,NULL),('S11350147','鄭安琪',1,1,0,NULL,NULL),('S11350148','王柏晨',1,1,0,NULL,NULL),('S11350149','王敬凱',1,1,0,NULL,NULL),('S11350150','宋承叡',1,1,1,'一次兩題且累計3題',NULL),('s11350152','劉緒謙',1,1,0,NULL,NULL),('S11350158','張恆輔',1,1,0,NULL,NULL),('S11350161','張詩篇',1,1,0,NULL,NULL),('S11350162','李瑋哲',1,1,0,NULL,NULL),('S11350164','吳昀蔚',1,1,0,NULL,NULL),('S11350165','杜益岩',1,1,0,NULL,NULL),('S11350167','蔡仁翔',1,1,0,NULL,NULL),('S11350201','王若妮',1,1,0,NULL,NULL),('S11350202','余紫筠',1,1,0,NULL,NULL),('S11350203','黃俞鈞',1,1,0,NULL,NULL),('S11350204','王顥筑',1,1,0,NULL,NULL),('S11350205','陳宥諠',1,1,1,'累計3題',NULL),('S11350206','羅康宸',1,1,0,NULL,NULL),('S11350207','廖育嫆',1,1,1,'一次兩題且累計3題',NULL),('S11350208','陳昱辰',1,1,1,'一次兩題且累計3題',NULL),('S11350209','邱喬怜',1,1,0,NULL,NULL),('S11350210','李亭萱',1,1,1,'一次兩題且累計3題',NULL),('S11350211','黃昱庭',1,1,0,NULL,NULL),('S11350212','杜姵萱',1,1,0,NULL,NULL),('S11350213','魏愷軒',1,1,0,NULL,NULL),('S11350214','何冠霆',1,1,0,NULL,NULL),('S11350215','陳琨麒',1,1,0,NULL,NULL),('S11350216','盧志昌',1,1,0,NULL,NULL),('S11350217','吳艾真',1,1,0,NULL,NULL),('S11350218','陳韋誠',1,1,0,NULL,NULL),('S11350219','梁亭葦',1,1,0,NULL,NULL),('S11350220','吳子宸',1,1,0,NULL,NULL),('S11350221','張博鈞',1,1,1,'一次兩題且累計3題',NULL),('S11350222','王齊煒',1,1,1,'一次兩題且累計3題',NULL),('S11350223','許博証',1,1,0,NULL,NULL),('S11350224','洪翊騏',1,1,0,NULL,NULL),('S11350225','周承毅',2,1,0,NULL,NULL),('S11350226','尹顯靖',1,1,0,NULL,NULL),('S11350227','黃柏盛',1,1,0,NULL,NULL),('S11350228','陳柏穎',1,1,0,NULL,NULL),('S11350230','蕭喬崴',1,1,0,NULL,NULL),('S11350231','林晉德',1,1,0,NULL,NULL),('S11350232','黃智暐',1,1,0,NULL,NULL),('S11350233','嚴家洛',1,1,0,NULL,NULL),('S11350234','許祐翔',1,1,0,NULL,NULL),('S11350235','游景丞',1,1,0,NULL,NULL),('S11350236','廖庭鋒',1,1,0,NULL,NULL),('S11350237','張昀蓁',1,1,0,NULL,NULL),('S11350238','陳弘貴',1,1,0,NULL,NULL),('S11350239','謝昀翰',1,1,0,NULL,NULL),('S11350240','劉佳葳',1,1,0,NULL,NULL),('S11350241','劉百程',1,1,0,NULL,NULL),('S11350243','鍾雨軒',1,1,0,NULL,NULL),('S11350244','徐婕綾',1,1,0,NULL,NULL),('S11350245','曾柏睿',1,1,0,NULL,NULL),('S11350246','戴廷宇',1,1,0,NULL,NULL),('S11350247','吳尚軒',1,1,0,NULL,NULL),('S11350248','呂冠逸',1,1,0,NULL,NULL),('S11350249','陳宥穎',1,1,0,NULL,NULL),('S11350251','黃新哲',1,1,0,NULL,NULL),('S11350253','陳昱馨',1,1,0,NULL,NULL),('S11350254','張晏綸',1,1,0,NULL,NULL),('S11350301','吳亞倫',1,1,0,NULL,NULL),('S11350302','黃靚昀',1,1,0,NULL,NULL),('S11350303','黃郁惠',1,1,1,'一次兩題且累計3題',NULL),('S11350304','黃立澤',1,1,0,NULL,NULL),('S11350305','呂惠欣',1,1,1,'一次兩題且累計3題',NULL),('S11350306','周歆芽',1,1,0,NULL,NULL),('S11350307','陳典譽',1,1,1,'累計3題',NULL),('S11350308','孔德驊',1,1,1,'一次兩題',NULL),('S11350309','陳俊勳',1,1,0,NULL,NULL),('S11350310','劉晏呈',1,1,1,'一次兩題且累計3題',NULL),('S11350312','張皓偉',1,1,1,'一次兩題',NULL),('S11350313','謝承燁',1,1,0,NULL,NULL),('S11350314','巫羿葶',1,1,1,'一次兩題且累計3題',NULL),('S11350315','王尹辰',1,1,0,NULL,NULL),('S11350316','吳柏廷',1,1,1,'一次兩題且累計3題',NULL),('S11350317','劉家弘',1,1,1,'一次兩題',NULL),('S11350318','陳宇琪',1,1,0,NULL,NULL),('S11350319','許庭瑞',1,1,1,'一次兩題且累計3題',NULL),('S11350320','謝千尋',1,1,1,'一次兩題且累計3題',NULL),('S11350321','王紹宇',1,1,0,NULL,NULL),('S11350322','謝瀚閱',1,1,0,NULL,NULL),('S11350323','蔡其峻',1,1,1,'一次兩題且累計3題',NULL),('S11350324','郭承諺',1,1,0,NULL,NULL),('S11350325','王正宇',1,1,0,NULL,NULL),('S11350326','林嘉祥',1,1,0,NULL,NULL),('S11350327','桐硯祈',1,1,1,'一次兩題且累計3題',NULL),('S11350328','鐘國嘉',1,1,0,NULL,NULL),('S11350329','林家緯',1,1,1,'一次兩題且累計3題',NULL),('S11350330','鄭宥慶',1,1,0,NULL,NULL),('S11350331','黃聖桓',1,1,0,NULL,NULL),('S11350333','呂相宏',1,1,0,NULL,NULL),('S11350334','張政偉',1,1,1,'一次兩題且累計3題',NULL),('S11350335','賴柏硯',1,1,0,NULL,NULL),('S11350336','鄭仙承',1,1,0,NULL,NULL),('S11350337','陳冠杰',1,1,0,NULL,NULL),('S11350338','古力亘',1,1,0,NULL,NULL),('S11350339','薛正村',1,1,1,'一次兩題',NULL),('S11350340','林馨妤',2,1,0,NULL,NULL),('S11350341','雷瑜庭',1,1,0,NULL,NULL),('S11350342','陳永齊',1,1,0,NULL,NULL),('S11350343','莊昆霖',1,1,0,NULL,NULL),('S11350344','柯欣妤',1,1,0,NULL,NULL),('S11350345','吳祐慶',1,1,0,NULL,NULL),('S11350346','林晏霆',1,1,0,NULL,NULL),('S11350347','李冠希',1,1,0,NULL,NULL),('S11350348','許嘉尹',1,1,0,NULL,NULL),('S11350349','曹心齡',1,1,0,NULL,NULL),('S11350350','宋易達',1,1,0,NULL,NULL),('S11350351','汪昱翔',1,1,0,NULL,NULL),('S11350352','陳瑞鈴',1,1,0,NULL,NULL),('S11350353','黃恩奕',1,1,0,NULL,NULL),('S11350354','許姵婕',1,1,0,NULL,NULL),('S11350602','李偉杰',1,1,0,NULL,NULL),('S11350608','芭達瑪',1,1,0,NULL,NULL),('S11350609','許固楊',1,1,0,NULL,NULL),('S11350702','鄺文謙',1,1,0,NULL,NULL),('S11350704','杜　曜',1,1,0,NULL,NULL),('S11350705','村上蒔志',1,1,0,NULL,NULL),('S11350803','梁曉榮',1,1,0,NULL,NULL),('S11350804','歐鍵鋒',1,1,0,NULL,NULL),('S11350806','楊展鴻',1,1,0,NULL,NULL),('S11350808','黃玉聰',1,1,0,NULL,NULL),('S11350812','何家豪',1,1,0,NULL,NULL),('S11350813','白仁昊',1,1,0,NULL,NULL),('S11490079','黃偉誠',1,2,0,NULL,NULL),('S11920001','曾翊鈞',1,1,0,NULL,NULL),('S11930613','余　杰',1,1,0,NULL,NULL),('S12150245','莊珮君',1,2,0,NULL,NULL),('S12310231','黃芃蓀',1,1,0,NULL,NULL),('S12350101','王志超',1,1,0,NULL,NULL),('S12350102','張彥婷',1,1,0,NULL,NULL),('S12350103','林群峰',1,1,0,NULL,NULL),('S12350104','林品慧',1,1,0,NULL,NULL),('S12350105','黃翊恩',1,1,0,NULL,NULL),('S12350106','彭竩真',1,1,0,NULL,NULL),('S12350107','林宸緯',1,1,0,NULL,NULL),('S12350108','陳詩錡',1,1,0,NULL,NULL),('S12350109','柯盛翔',1,1,0,NULL,NULL),('S12350110','王慕恩',1,1,0,NULL,NULL),('S12350111','李宸皓',1,1,0,NULL,NULL),('S12350112','蔡秉叡',1,1,0,NULL,NULL),('S12350113','翁子媛',1,1,0,NULL,NULL),('S12350114','張宸瑄',1,1,0,NULL,NULL),('S12350115','黃聖儒',1,1,0,NULL,NULL),('S12350116','蕭佳怡',1,1,0,NULL,NULL),('S12350117','黃柏璋',1,1,0,NULL,NULL),('S12350118','鍾庭立',1,1,0,NULL,NULL),('S12350119','李子謙',1,1,0,NULL,NULL),('S12350120','徐允父',1,1,0,NULL,NULL),('S12350121','郭彥均',1,1,0,NULL,NULL),('S12350122','林仲緯',1,1,0,NULL,NULL),('S12350123','彭語萱',1,1,0,NULL,NULL),('S12350124','陳姸汝',1,1,0,NULL,NULL),('S12350125','蘇昱銓',1,1,0,NULL,NULL),('S12350127','張德唯',1,1,0,NULL,NULL),('S12350128','鄭宇宸',1,1,0,NULL,NULL),('S12350130','黃祥偉',1,1,0,NULL,NULL),('S12350131','江彥萱',1,1,0,NULL,NULL),('S12350132','廖晏慈',1,1,0,NULL,NULL),('S12350133','江侑達',1,1,0,NULL,NULL),('S12350134','黃翊嘉',1,1,0,NULL,NULL),('S12350135','林庭生',1,1,0,NULL,NULL),('S12350136','李承栩',1,1,0,NULL,NULL),('S12350137','劉峻瑋',1,1,0,NULL,NULL),('S12350138','盧袁聖',1,1,0,NULL,NULL),('S12350139','李浩銓',1,1,0,NULL,NULL),('S12350140','林亮宇',1,1,0,NULL,NULL),('S12350141','董彥均',1,1,0,NULL,NULL),('S12350142','林昱安',1,1,0,NULL,NULL),('S12350143','林妍均',1,1,0,NULL,NULL),('S12350144','陳　昕',1,1,0,NULL,NULL),('S12350145','吳晨陽',1,1,0,NULL,NULL),('S12350146','蔡昀芝',1,1,0,NULL,NULL),('S12350147','張妘溱',1,1,0,NULL,NULL),('S12350148','孟顥恩',1,1,0,NULL,NULL),('S12350150','張心人',1,1,0,NULL,NULL),('S12350151','洪浩倫',1,1,0,NULL,NULL),('S12350201','周芷瑄',1,1,0,NULL,NULL),('S12350202','王鈺嘉',1,1,0,NULL,NULL),('S12350203','傅佳玟',1,1,0,NULL,NULL),('S12350204','陳宗逸',1,1,0,NULL,NULL),('S12350205','曾寬雅',1,1,0,NULL,NULL),('S12350206','范薏軒',1,1,0,NULL,NULL),('S12350207','林序一',1,1,0,NULL,NULL),('S12350208','葉又嘉',1,1,0,NULL,NULL),('S12350209','許哲瑋',1,1,0,NULL,NULL),('S12350210','林芷鳳',1,1,0,NULL,NULL),('S12350211','林榆翔',1,1,0,NULL,NULL),('S12350212','陳彥宇',1,1,0,NULL,NULL),('S12350213','曾柏勛',1,1,0,NULL,NULL),('S12350214','林和宇',1,1,0,NULL,NULL),('S12350215','邱子芸',1,1,0,NULL,NULL),('S12350216','蔡承佑',1,1,0,NULL,NULL),('S12350217','蔡承毅',1,1,0,NULL,NULL),('S12350218','李奕辰',1,1,0,NULL,NULL),('S12350219','劉承勛',1,1,1,'一次兩題且累計3題',NULL),('S12350220','林琨筌',1,1,0,NULL,NULL),('S12350221','游皓翔',1,1,0,NULL,NULL),('S12350222','廖翌崴',1,1,0,NULL,NULL),('S12350223','徐若瑜',1,1,0,NULL,NULL),('S12350224','黃煒皓',1,1,0,NULL,NULL),('S12350225','陳紀綱',1,1,0,NULL,NULL),('S12350227','闕嘉薰',1,1,1,'一次兩題且累計3題',NULL),('S12350228','黃詩鈞',1,1,0,NULL,NULL),('S12350229','蔡瑋峵',1,1,1,'一次兩題',NULL),('S12350230','李東嶧',1,1,0,NULL,NULL),('S12350231','廖智梵',1,1,1,'一次兩題',NULL),('S12350232','陳環雅',1,1,0,NULL,NULL),('S12350233','黃柏翰',1,1,0,NULL,NULL),('S12350234','邱泊睿',1,1,0,NULL,NULL),('S12350235','李侑珊',1,1,0,NULL,NULL),('S12350237','陳佳揚',1,1,0,NULL,NULL),('S12350238','賴宣睿',1,1,0,NULL,NULL),('S12350239','蘇昱愷',1,1,0,NULL,NULL),('S12350240','許暐得',1,1,0,NULL,NULL),('S12350241','劉培宸',1,1,0,NULL,NULL),('S12350242','吳承德',1,1,0,NULL,NULL),('S12350243','呂孟澤',1,1,0,NULL,NULL),('S12350244','張庭瑜',1,1,0,NULL,NULL),('S12350245','林欣穎',1,1,0,NULL,NULL),('S12350246','郭韋辰',1,1,0,NULL,NULL),('S12350247','徐子杰',1,1,0,NULL,NULL),('S12350248','張庭毓',1,1,0,NULL,NULL),('S12350301','胡安硯',1,1,0,NULL,NULL),('S12350302','黃少鯤',1,1,0,NULL,NULL),('S12350303','林書磊',1,1,0,NULL,NULL),('S12350304','黃睿廷',1,1,0,NULL,NULL),('S12350305','洪丞翰',1,1,0,NULL,NULL),('S12350306','陳育慈',1,1,0,NULL,NULL),('S12350307','張祐瑋',1,1,0,NULL,NULL),('S12350308','曾千育',1,1,0,NULL,NULL),('S12350309','李耀元',1,1,0,NULL,NULL),('S12350310','蔡妤婕',1,1,0,NULL,NULL),('S12350311','曾祥恩',1,1,0,NULL,NULL),('S12350312','黃子修',1,1,0,NULL,NULL),('S12350313','鄭聿宏',1,1,0,NULL,NULL),('S12350314','王敬文',1,1,0,NULL,NULL),('S12350315','蘇敬堯',1,1,1,'一次兩題',NULL),('S12350316','陳品咸',1,1,0,NULL,NULL),('S12350317','羅凱裕',1,1,0,NULL,NULL),('S12350318','蔡承赫',1,1,0,NULL,NULL),('S12350319','林政頤',1,1,0,NULL,NULL),('S12350320','吳芊芊',1,1,0,NULL,NULL),('S12350321','胡書豪',1,1,0,NULL,NULL),('S12350322','李亮勳',1,1,0,NULL,NULL),('S12350323','張瀚中',1,1,0,NULL,NULL),('S12350324','劉俊辰',1,1,0,NULL,NULL),('S12350325','王嘉葳',1,1,1,'一次兩題',NULL),('S12350327','鄭齊欣',1,1,0,NULL,NULL),('S12350328','黃振祐',1,1,0,NULL,NULL),('S12350329','戴尚仁',1,1,0,NULL,NULL),('S12350330','張芷瑄',1,1,0,NULL,NULL),('S12350331','李紀萱',1,1,0,NULL,NULL),('S12350332','邱柏鈞',1,1,0,NULL,NULL),('S12350333','丁子揚',1,1,0,NULL,NULL),('S12350334','丁乙宸',1,1,0,NULL,NULL),('S12350335','陳柏勳',1,1,0,NULL,NULL),('S12350336','張櫻㰉',1,1,0,NULL,NULL),('S12350337','蔡孟諭',1,1,0,NULL,NULL),('S12350338','侯姿佑',1,1,0,NULL,NULL),('S12350340','楊鎮愷',1,1,0,NULL,NULL),('S12350341','吳雨蓁',1,1,0,NULL,NULL),('S12350342','洪家芸',1,1,0,NULL,NULL),('S12350343','邱國鈞',1,1,0,NULL,NULL),('S12350344','吳昀臻',1,1,0,NULL,NULL),('S12350345','陳巧薰',1,1,0,NULL,NULL),('S12350352','林宸豪',1,1,0,NULL,NULL),('S12350607','莫志鴻',1,1,0,NULL,NULL),('S12350701','甘嘉豪',1,1,0,NULL,NULL),('S12350703','傅兆晞',1,1,0,NULL,NULL),('S12350704','巫宗鈺',1,1,0,NULL,NULL),('S12350707','蔡宏生',1,1,0,NULL,NULL),('S12350803','許双美',1,1,0,NULL,NULL),('S12350805','鄧偉雄',1,1,0,NULL,NULL),('S12350807','陳灝權',1,1,0,NULL,NULL),('S12350808','黃美芳',1,1,0,NULL,NULL),('S12360241','林鈺智',1,2,0,NULL,NULL),('S13350101','張睿昀',1,1,0,NULL,NULL),('S13350102','游誼安',1,1,0,NULL,NULL),('S13350103','康育瑄',1,1,0,NULL,NULL),('S13350104','林新雅',1,1,0,NULL,NULL),('S13350105','徐宏翔',1,1,0,NULL,NULL),('S13350106','陳傑威',1,1,0,NULL,NULL),('S13350108','蕭育安',1,1,0,NULL,NULL),('S13350109','吳旻哲',1,1,0,NULL,NULL),('S13350110','歐承勳',1,1,0,NULL,NULL),('S13350111','莊善鈞',1,1,0,NULL,NULL),('S13350112','陳昱廷',1,1,0,NULL,NULL),('S13350113','林靖騏',1,1,0,NULL,NULL),('S13350114','戴昀謙',1,1,0,NULL,NULL),('S13350115','陳立恆',1,1,0,NULL,NULL),('S13350116','吳季桓',1,1,0,NULL,NULL),('S13350117','楊凱晨',1,1,0,NULL,NULL),('S13350118','劉晟睿',1,1,0,NULL,NULL),('S13350119','王炫儒',1,1,0,NULL,NULL),('S13350120','黃柏儒',1,1,0,NULL,NULL),('S13350121','林昱丞',1,1,0,NULL,NULL),('S13350122','陳冠志',1,1,0,NULL,NULL),('S13350123','周霆威',1,1,0,NULL,NULL),('S13350124','葉書甫',1,1,0,NULL,NULL),('S13350125','蘇　昰',1,1,1,'一次兩題且累計3題',NULL),('S13350126','吳承軒',1,1,0,NULL,NULL),('S13350127','沈榮頎',1,1,0,NULL,NULL),('S13350128','黃子凌',1,1,0,NULL,NULL),('S13350129','徐郁程',1,1,0,NULL,NULL),('S13350130','彭宇辰',1,1,0,NULL,NULL),('S13350131','陳恆翌',1,1,0,NULL,NULL),('S13350133','夏乙安',1,1,0,NULL,NULL),('S13350134','葉致廷',1,1,0,NULL,NULL),('S13350135','李柏鋒',1,1,0,NULL,NULL),('S13350136','蔡宗諺',1,1,0,NULL,NULL),('S13350137','宋升暉',1,1,0,NULL,NULL),('S13350138','邱昱稦',1,1,0,NULL,NULL),('S13350139','陳治睿',1,1,0,NULL,NULL),('S13350140','高翊齊',1,1,0,NULL,NULL),('S13350141','王雋瑋',1,1,0,NULL,NULL),('S13350142','黃緯宬',1,1,0,NULL,NULL),('S13350143','蔡承祐',1,1,0,NULL,NULL),('S13350144','陳宥縉',1,1,0,NULL,NULL),('S13350145','許榕升',1,1,0,NULL,NULL),('S13350201','陳致瑋',1,1,0,NULL,NULL),('S13350202','陳彥妤',1,1,0,NULL,NULL),('S13350203','黃昱翔',1,1,0,NULL,NULL),('S13350204','曾保源',1,1,0,NULL,NULL),('S13350205','林卓翰',1,1,0,NULL,NULL),('S13350206','施宜君',1,1,0,NULL,NULL),('S13350207','黃唯恩',1,1,0,NULL,NULL),('S13350208','方瑀鈞',1,1,0,NULL,NULL),('S13350209','蔡育森',1,1,0,NULL,NULL),('S13350210','傅奕豪',1,1,0,NULL,NULL),('S13350211','張慈恩',1,1,0,NULL,NULL),('S13350212','陳彥謀',1,1,0,NULL,NULL),('S13350213','游世安',1,1,0,NULL,NULL),('S13350214','洪琮竣',1,1,0,NULL,NULL),('S13350215','張致陽',1,1,0,NULL,NULL),('S13350217','唐致遠',1,1,0,NULL,NULL),('S13350218','吳冠德',1,1,0,NULL,NULL),('S13350219','林暐翔',1,1,0,NULL,NULL),('S13350220','蔡天助',1,1,0,NULL,NULL),('S13350221','鍾東翰',1,1,0,NULL,NULL),('S13350222','魏士詠',1,1,0,NULL,NULL),('S13350223','廖子豪',1,1,0,NULL,NULL),('S13350224','黃姵妤',1,1,0,NULL,NULL),('S13350225','王傑鋒',1,1,0,NULL,NULL),('S13350226','張博翔',1,1,0,NULL,NULL),('S13350227','駱以恩',1,1,0,NULL,NULL),('S13350228','黃任加',1,1,0,NULL,NULL),('S13350229','楊芷菱',1,1,0,NULL,NULL),('S13350230','林子程',1,1,0,NULL,NULL),('S13350231','沈冠宇',1,1,0,NULL,NULL),('S13350232','江忠穎',1,1,0,NULL,NULL),('S13350233','楊家睿',1,1,0,NULL,NULL),('S13350234','蔡宗穎',1,1,0,NULL,NULL),('S13350235','鄭安格',1,1,0,NULL,NULL),('S13350236','蘇洺寬',1,1,0,NULL,NULL),('S13350237','王　鐸',1,1,0,NULL,NULL),('S13350238','楊晏碩',1,1,0,NULL,NULL),('S13350239','莊乃康',1,1,0,NULL,NULL),('S13350240','陳睿旭',1,1,0,NULL,NULL),('S13350241','林于涵',1,1,0,NULL,NULL),('S13350242','楊博鈞',1,1,0,NULL,NULL),('S13350243','徐翊展',1,1,0,NULL,NULL),('S13350244','蘇霆翊',1,1,0,NULL,NULL),('S13350245','熊柏丞',1,1,0,NULL,NULL),('S13350246','詹培琳',1,1,0,NULL,NULL),('S13350301','蕭玉婷',1,1,0,NULL,NULL),('S13350302','趙建安',1,1,0,NULL,NULL),('S13350303','黃子書',1,1,0,NULL,NULL),('S13350304','盧宥丞',1,1,0,NULL,NULL),('S13350305','黃健勲',1,1,0,NULL,NULL),('S13350306','呂名皓',1,1,0,NULL,NULL),('S13350307','謝維翰',1,1,0,NULL,NULL),('S13350308','林思安',1,1,0,NULL,NULL),('S13350309','陳柏霖',1,1,0,NULL,NULL),('S13350310','許湘屏',1,1,0,NULL,NULL),('S13350311','胡瑞庭',1,1,0,NULL,NULL),('S13350312','陳安傑',1,1,0,NULL,NULL),('S13350313','郭煜洋',1,1,0,NULL,NULL),('S13350314','蕭德政',1,1,0,NULL,NULL),('S13350315','廖可峰',1,1,0,NULL,NULL),('S13350316','陳宥廷',1,1,0,NULL,NULL),('S13350317','陳宥心',1,1,0,NULL,NULL),('S13350318','李佩諠',1,1,0,NULL,NULL),('S13350319','黃昱嘉',1,1,0,NULL,NULL),('S13350320','鄭新翰',1,1,0,NULL,NULL),('S13350321','黃子恒',1,1,0,NULL,NULL),('S13350322','黃國瑜',1,1,1,'一次兩題且累計3題',NULL),('S13350323','陳柏睿',1,1,0,NULL,NULL),('S13350324','王季崴',1,1,0,NULL,NULL),('S13350325','傅裕恆',1,1,0,NULL,NULL),('S13350326','卓家偉',1,1,0,NULL,NULL),('S13350327','陳昕緯',1,1,0,NULL,NULL),('S13350328','張志騏',1,1,0,NULL,NULL),('S13350329','游家皓',1,1,0,NULL,NULL),('S13350330','孫丞緯',1,1,0,NULL,NULL),('S13350331','陳愷欣',1,1,0,NULL,NULL),('S13350332','程毓傑',1,1,0,NULL,NULL),('S13350333','張久澤',1,1,0,NULL,NULL),('S13350334','林虹君',1,1,0,NULL,NULL),('S13350335','陳世哲',1,1,0,NULL,NULL),('S13350336','蔡承易',1,1,0,NULL,NULL),('S13350337','陳佳駿',1,1,0,NULL,NULL),('S13350338','謝承翰',1,1,0,NULL,NULL),('S13350339','周庭箴',1,1,0,NULL,NULL),('S13350340','林宇珊',1,1,0,NULL,NULL),('S13350341','陳虹澤',1,1,0,NULL,NULL),('S13350342','黃婕雅',1,1,0,NULL,NULL),('S13350343','楊舒妤',1,1,0,NULL,NULL),('S13350344','王唯人',1,1,0,NULL,NULL),('S13350345','陳昱憲',1,1,0,NULL,NULL),('S13350346','湯堉綸',1,1,0,NULL,NULL),('S13350347','陳允樂',1,1,0,NULL,NULL),('S13350601','蔣華麗',1,1,0,NULL,NULL),('S13350602','高　珊',1,1,0,NULL,NULL),('S13350604','張義晨',1,1,0,NULL,NULL),('S13350608','郭偉城',1,1,0,NULL,NULL),('S13350612','林偉俊',1,1,0,NULL,NULL),('S13350616','丘運輝',1,1,0,NULL,NULL),('S13350708','張裕利',1,1,0,NULL,NULL),('S13350709','林家豪',1,1,0,NULL,NULL),('S13350710','李佳德',1,1,0,NULL,NULL),('S13350712','黃祥霖',1,1,0,NULL,NULL),('S13350801','詹智賢',1,1,0,NULL,NULL),('S13350803','韋吉米',1,1,0,NULL,NULL),('S13350804','梁永康',1,1,0,NULL,NULL),('S13350807','周錦順',1,1,0,NULL,NULL),('S13350809','陳佑宇',1,1,0,NULL,NULL),('S13350810','阮嘉慶',1,1,0,NULL,NULL),('S13350811','黃祐俊',1,1,0,NULL,NULL),('S13350812','歐陽學江',1,1,0,NULL,NULL),('S13350813','孟　德',1,1,0,NULL,NULL),('S13350814','杜蓮城',1,1,0,NULL,NULL),('TEST7','test7',1,1,1,'一次兩題且累計3題','test'),('TEST8','test8',1,1,1,'一次兩題且累計3題','test');
/*!40000 ALTER TABLE `StudentInfo` ENABLE KEYS */;
UNLOCK TABLES;

--
-- Table structure for table `users`
--

DROP TABLE IF EXISTS `users`;
/*!40101 SET @saved_cs_client     = @@character_set_client */;
/*!50503 SET character_set_client = utf8mb4 */;
CREATE TABLE `users` (
  `id` int NOT NULL AUTO_INCREMENT,
  `username` varchar(255) NOT NULL,
  `password` varchar(255) NOT NULL,
  PRIMARY KEY (`id`),
  UNIQUE KEY `username` (`username`)
) ENGINE=InnoDB AUTO_INCREMENT=2 DEFAULT CHARSET=utf8mb4 COLLATE=utf8mb4_0900_ai_ci;
/*!40101 SET character_set_client = @saved_cs_client */;

--
-- Dumping data for table `users`
--

LOCK TABLES `users` WRITE;
/*!40000 ALTER TABLE `users` DISABLE KEYS */;
INSERT INTO `users` VALUES (1,'fight','$2b$12$VGK26hX7ZF75O4jSP7S07evTn7HyYZXgGYit3kYHJKC6HjWagr4bO');
/*!40000 ALTER TABLE `users` ENABLE KEYS */;
UNLOCK TABLES;
/*!40103 SET TIME_ZONE=@OLD_TIME_ZONE */;

/*!40101 SET SQL_MODE=@OLD_SQL_MODE */;
/*!40014 SET FOREIGN_KEY_CHECKS=@OLD_FOREIGN_KEY_CHECKS */;
/*!40014 SET UNIQUE_CHECKS=@OLD_UNIQUE_CHECKS */;
/*!40101 SET CHARACTER_SET_CLIENT=@OLD_CHARACTER_SET_CLIENT */;
/*!40101 SET CHARACTER_SET_RESULTS=@OLD_CHARACTER_SET_RESULTS */;
/*!40101 SET COLLATION_CONNECTION=@OLD_COLLATION_CONNECTION */;
/*!40111 SET SQL_NOTES=@OLD_SQL_NOTES */;

-- Dump completed on 2025-04-15 12:19:56
